球员,球队,对阵,时间,状态,首发,出场时间,三分球命中,三分球出手,两分球命中,两分球出手,罚球命中,罚球出手,进攻,篮板,助攻,抢断,盖帽,失误,犯规,得分,编号
易建联,广东,辽宁,2019-11-01 19:35,107:98(已结束),1,35.8,0,0,7,8,2,4,1,12,2,1,2,1,2,16,100004
任骏飞,广东,辽宁,2019-11-01 19:35,107:98(已结束),1,30.2,3,6,5,8,0,0,1,2,1,3,0,0,3,19,500672
马尚·布鲁克斯,广东,辽宁,2019-11-01 19:35,107:98(已结束),1,36.6,2,10,8,10,5,5,0,3,9,2,0,1,3,27,503170
赵睿,广东,辽宁,2019-11-01 19:35,107:98(已结束),1,31.2,0,3,5,9,0,1,2,7,4,2,0,0,3,10,501938
胡明轩,广东,辽宁,2019-11-01 19:35,107:98(已结束),1,13.4,1,3,0,1,0,0,0,1,0,0,0,1,1,3,502738
苏伟,广东,辽宁,2019-11-01 19:35,107:98(已结束),0,4.0,0,0,0,0,0,0,1,2,0,0,0,1,2,0,101763
王薪凯,广东,辽宁,2019-11-01 19:35,107:98(已结束),0,9.9,0,1,0,0,1,2,0,1,1,0,0,0,1,1,501675
曾繁日,广东,辽宁,2019-11-01 19:35,107:98(已结束),0,11.2,0,0,2,3,2,4,1,1,0,0,1,0,3,6,503258
克拉伦斯-威姆斯,广东,辽宁,2019-11-01 19:35,107:98(已结束),0,31.9,1,5,5,9,1,2,0,7,3,1,0,3,2,14,504152
杜润旺,广东,辽宁,2019-11-01 19:35,107:98(已结束),0,14.8,0,2,2,2,2,2,2,2,0,0,0,4,4,6,502847
徐杰,广东,辽宁,2019-11-01 19:35,107:98(已结束),0,21.0,1,3,0,1,2,2,0,0,1,2,0,0,2,5,100000437
韩德君,辽宁,广东,2019-11-01 19:35,107:98(已结束),1,24.2,0,0,4,6,2,3,3,9,0,0,1,2,4,10,500345
布兰登-巴斯,辽宁,广东,2019-11-01 19:35,107:98(已结束),1,30.6,0,0,5,15,10,11,3,12,1,1,2,0,2,20,504142
刘志轩,辽宁,广东,2019-11-01 19:35,107:98(已结束),1,16.9,1,1,1,1,0,0,1,2,0,0,0,1,3,5,501170
郭艾伦,辽宁,广东,2019-11-01 19:35,107:98(已结束),1,30.2,0,2,4,8,4,4,0,4,5,0,0,6,4,12,501070
赵继伟,辽宁,广东,2019-11-01 19:35,107:98(已结束),1,33.1,0,3,1,2,2,2,0,3,1,2,0,0,2,4,501736
李晓旭,辽宁,广东,2019-11-01 19:35,107:98(已结束),0,28.9,0,0,3,8,0,0,2,4,2,1,1,0,0,6,100130
丛明晨,辽宁,广东,2019-11-01 19:35,107:98(已结束),0,12.9,2,2,0,0,0,0,1,3,0,0,0,0,1,6,501739
贺天举,辽宁,广东,2019-11-01 19:35,107:98(已结束),0,12.3,0,2,0,0,1,2,2,2,0,0,0,1,2,1,500678
高诗岩,辽宁,广东,2019-11-01 19:35,107:98(已结束),0,9.4,0,1,0,1,0,0,0,1,0,1,0,0,3,0,501726
兰斯-史蒂芬森,辽宁,广东,2019-11-01 19:35,107:98(已结束),0,41.4,3,11,10,17,5,7,1,3,3,2,0,3,2,34,100000374
柳伟,江苏,浙江,2019-11-02 19:35,96:97(已结束),1,14.9,0,1,1,4,0,2,1,3,1,0,0,0,3,2,100164
易立,江苏,浙江,2019-11-02 19:35,96:97(已结束),1,29.5,0,4,3,6,3,4,0,2,4,1,1,2,3,9,100019
黄荣奇,江苏,浙江,2019-11-02 19:35,96:97(已结束),1,13.8,1,2,3,3,0,0,2,3,1,0,0,1,4,9,502861
史鸿飞,江苏,浙江,2019-11-02 19:35,96:97(已结束),1,32.0,2,5,0,1,1,2,0,0,3,3,0,3,4,7,501345
吴冠希,江苏,浙江,2019-11-02 19:35,96:97(已结束),0,31.9,0,1,6,9,3,5,1,9,0,1,2,2,5,15,501882
侯逸凡,江苏,浙江,2019-11-02 19:35,96:97(已结束),0,16.9,1,2,0,0,0,0,0,0,0,0,0,0,1,3,504101
赵率舟,江苏,浙江,2019-11-02 19:35,96:97(已结束),0,21.9,1,2,0,1,0,0,1,2,2,1,0,0,3,3,501737
安东尼奥-布莱克尼,江苏,浙江,2019-11-02 19:35,96:97(已结束),0,35.9,3,7,9,16,7,8,1,4,3,0,3,3,3,34,100026409
王洪,江苏,浙江,2019-11-02 19:35,96:97(已结束),0,16.1,0,1,1,2,2,2,0,2,0,0,0,0,1,4,503544
张大宇,浙江,江苏,2019-11-02 19:35,96:97(已结束),1,28.1,1,2,2,5,0,0,2,7,3,2,0,1,4,7,100085
朱旭航,浙江,江苏,2019-11-02 19:35,96:97(已结束),1,36.1,4,9,3,4,0,0,1,6,1,2,0,4,5,18,501546
吴前,浙江,江苏,2019-11-02 19:35,96:97(已结束),1,33.0,0,2,1,3,6,8,0,2,6,1,0,3,6,8,501409
程帅澎,浙江,江苏,2019-11-02 19:35,96:97(已结束),1,14.2,0,2,0,0,0,0,0,1,0,0,0,0,6,0,504070
马库斯-邓蒙,浙江,江苏,2019-11-02 19:35,96:97(已结束),1,37.6,3,6,2,8,10,12,1,3,3,0,0,2,1,23,503425
张正昕,浙江,江苏,2019-11-02 19:35,96:97(已结束),0,3.6,0,0,0,1,0,0,0,0,0,0,0,1,1,0,501991
刘泽一,浙江,江苏,2019-11-02 19:35,96:97(已结束),0,28.2,0,0,4,9,0,1,2,5,0,2,0,2,4,8,502908
西尔文-兰兹博格,浙江,江苏,2019-11-02 19:35,96:97(已结束),0,34.4,4,8,7,14,7,8,6,14,4,1,0,1,1,33,100026427
王奕博,浙江,江苏,2019-11-02 19:35,96:97(已结束),0,24.6,0,1,0,0,0,0,1,1,2,1,0,1,1,0,502911
林孝天,浙江,江苏,2019-11-02 19:35,96:97(已结束),0,0.2,0,0,0,0,0,0,0,0,0,0,0,0,0,0,502907
李原宇,四川,新疆,2019-11-02 19:35,87:134(已结束),1,33.5,0,4,5,16,3,4,3,8,0,2,0,2,6,13,501166
左朕年,四川,新疆,2019-11-02 19:35,87:134(已结束),1,29.2,1,3,2,5,3,3,2,5,3,1,0,1,2,10,502024
托马斯-罗宾逊,四川,新疆,2019-11-02 19:35,87:134(已结束),1,35.3,0,2,8,16,6,6,6,15,4,0,2,3,5,22,100016394
孟达,四川,新疆,2019-11-02 19:35,87:134(已结束),1,28.0,2,6,2,7,0,0,0,3,4,1,0,2,1,10,100026
王政博,四川,新疆,2019-11-02 19:35,87:134(已结束),1,16.4,1,4,0,0,2,2,0,0,1,2,0,0,5,5,501734
张松涛,四川,新疆,2019-11-02 19:35,87:134(已结束),0,4.4,0,0,0,0,0,0,0,0,1,0,0,0,0,0,101677
于刚,四川,新疆,2019-11-02 19:35,87:134(已结束),0,3.3,0,0,0,2,0,0,0,0,2,0,0,0,0,0,501021
闵庆飞,四川,新疆,2019-11-02 19:35,87:134(已结束),0,10.8,0,2,2,4,0,0,1,2,0,0,0,0,4,4,501673
陈辰,四川,新疆,2019-11-02 19:35,87:134(已结束),0,27.1,2,3,1,5,1,1,2,7,0,1,0,2,4,9,502296
考特尼·福特森,四川,新疆,2019-11-02 19:35,87:134(已结束),0,27.2,1,3,2,7,7,7,0,2,3,1,0,2,3,14,503548
胡林森,四川,新疆,2019-11-02 19:35,87:134(已结束),0,15.3,0,1,0,0,0,0,0,0,0,0,0,1,1,0,502860
袁堂文,四川,新疆,2019-11-02 19:35,87:134(已结束),0,8.9,0,2,0,1,0,2,0,0,1,0,0,2,1,0,100016831
周琦,新疆,四川,2019-11-02 19:35,87:134(已结束),1,27.3,3,7,5,7,8,11,2,12,2,1,5,2,4,27,501738
范子铭,新疆,四川,2019-11-02 19:35,87:134(已结束),1,15.9,0,0,3,3,5,6,5,8,3,0,0,0,2,11,501725
阿不都沙拉木,新疆,四川,2019-11-02 19:35,87:134(已结束),1,27.6,0,2,4,6,2,2,0,4,3,1,0,0,0,10,501983
西热力江,新疆,四川,2019-11-02 19:35,87:134(已结束),1,26.1,5,8,1,1,0,0,1,4,2,0,0,1,2,17,500555
凯-费尔德,新疆,四川,2019-11-02 19:35,87:134(已结束),1,24.9,2,4,4,9,5,5,0,6,8,1,1,5,1,19,100023572
贾内尔-斯托克斯,新疆,四川,2019-11-02 19:35,87:134(已结束),0,31.2,1,2,6,12,2,5,2,9,3,1,1,2,5,17,504151
俞长栋,新疆,四川,2019-11-02 19:35,87:134(已结束),0,23.8,2,2,1,3,2,6,2,4,0,1,0,0,4,10,501179
唐才育,新疆,四川,2019-11-02 19:35,87:134(已结束),0,25.3,0,4,1,2,3,4,1,2,1,0,0,0,2,5,502749
齐麟,新疆,四川,2019-11-02 19:35,87:134(已结束),0,9.2,0,0,1,2,0,0,1,1,1,0,0,0,0,2,502784
曾令旭,新疆,四川,2019-11-02 19:35,87:134(已结束),0,13.8,0,1,2,3,2,2,1,3,2,2,0,0,0,6,501329
西尔扎提,新疆,四川,2019-11-02 19:35,87:134(已结束),0,9.2,0,0,2,3,0,0,0,3,1,0,0,1,4,4,100016514
陶汉林,山东,八一,2019-11-02 19:35,108:95(已结束),1,28.0,0,0,4,7,4,8,1,7,0,0,3,0,6,12,500684
李敬宇,山东,八一,2019-11-02 19:35,108:95(已结束),1,26.8,0,1,1,2,0,2,0,3,2,0,0,0,3,2,500331
詹姆斯-梅斯,山东,八一,2019-11-02 19:35,108:95(已结束),1,17.7,2,2,7,12,3,7,1,9,1,2,2,1,3,23,100012421
张庆鹏,山东,八一,2019-11-02 19:35,108:95(已结束),1,36.2,2,5,1,2,1,2,0,3,9,3,0,4,5,9,100126
陈培东,山东,八一,2019-11-02 19:35,108:95(已结束),1,18.0,1,2,1,3,0,0,0,0,1,1,0,2,0,5,502890
贾诚,山东,八一,2019-11-02 19:35,108:95(已结束),0,29.9,0,1,7,8,1,1,4,9,1,0,1,3,4,15,501161
朱荣振,山东,八一,2019-11-02 19:35,108:95(已结束),0,16.1,0,0,5,9,1,3,1,3,0,0,2,3,3,11,504067
刘大鹏,山东,八一,2019-11-02 19:35,108:95(已结束),0,15.0,0,2,0,0,0,0,0,0,2,1,0,1,1,0,500602
侯沛佐,山东,八一,2019-11-02 19:35,108:95(已结束),0,22.1,0,0,0,2,0,0,0,3,2,0,0,1,0,0,100012178
莱斯特·哈德森,山东,八一,2019-11-02 19:35,108:95(已结束),0,30.3,7,14,3,4,4,4,1,12,8,4,0,1,3,31,501217
许钟豪,八一,山东,2019-11-02 19:35,108:95(已结束),1,31.5,0,1,2,7,0,1,2,8,1,0,1,0,3,4,500535
刘航初,八一,山东,2019-11-02 19:35,108:95(已结束),1,26.5,3,8,5,7,0,0,0,3,1,0,0,4,5,19,501144
雷蒙,八一,山东,2019-11-02 19:35,108:95(已结束),1,31.4,1,3,2,9,2,2,3,10,2,3,0,2,2,9,501772
田宇翔,八一,山东,2019-11-02 19:35,108:95(已结束),1,27.8,0,1,1,4,7,8,0,1,1,2,1,1,1,9,501335
王俊杰,八一,山东,2019-11-02 19:35,108:95(已结束),1,32.7,0,1,3,6,4,4,0,1,4,3,0,0,1,10,100016488
余晨,八一,山东,2019-11-02 19:35,108:95(已结束),0,16.5,0,1,1,2,0,0,0,4,1,0,0,1,5,2,501153
付豪,八一,山东,2019-11-02 19:35,108:95(已结束),0,20.0,0,1,3,8,4,6,3,3,1,0,0,1,2,10,501770
宁鸿宇,八一,山东,2019-11-02 19:35,108:95(已结束),0,1.5,0,1,1,1,1,2,1,1,0,0,0,0,0,3,501779
罗凯文,八一,山东,2019-11-02 19:35,108:95(已结束),0,15.5,0,1,1,2,0,0,1,3,0,0,1,1,1,2,501777
阿尔斯兰,八一,山东,2019-11-02 19:35,108:95(已结束),0,20.2,2,4,2,4,4,4,0,1,2,1,0,1,2,14,501769
郭昊文,八一,山东,2019-11-02 19:35,108:95(已结束),0,16.4,0,1,4,8,5,8,0,2,1,0,0,0,4,13,502759
桑尼,北控,深圳,2019-11-02 19:35,108:103(已结束),1,30.8,0,1,5,11,8,8,3,12,1,0,0,1,1,18,501255
许梦君,北控,深圳,2019-11-02 19:35,108:103(已结束),1,5.5,0,1,0,0,0,0,0,0,0,0,0,0,2,0,502697
王少杰,北控,深圳,2019-11-02 19:35,108:103(已结束),1,24.8,0,0,6,8,0,0,2,3,0,2,1,0,0,12,100012401
孙悦,北控,深圳,2019-11-02 19:35,108:103(已结束),1,31.3,3,9,2,4,0,0,1,5,4,2,1,0,4,13,101492
凯尔-弗格,北控,深圳,2019-11-02 19:35,108:103(已结束),1,38.8,4,9,5,12,13,15,0,9,10,1,0,3,5,35,100002143
贾森·汤普森,北控,深圳,2019-11-02 19:35,108:103(已结束),0,30.0,0,0,3,9,5,6,0,7,0,0,2,1,3,11,503568
孙桐林,北控,深圳,2019-11-02 19:35,108:103(已结束),0,14.0,0,0,0,1,0,0,0,3,0,0,0,0,0,0,501177
高尚,北控,深圳,2019-11-02 19:35,108:103(已结束),0,10.7,0,1,0,1,0,0,1,2,1,1,0,0,2,0,501401
张帆,北控,深圳,2019-11-02 19:35,108:103(已结束),0,23.4,1,2,3,4,0,0,0,1,2,0,0,2,2,9,501781
王子瑞,北控,深圳,2019-11-02 19:35,108:103(已结束),0,30.8,2,4,2,4,0,0,0,3,0,1,0,2,5,10,501301
李慕豪,深圳,北控,2019-11-02 19:35,108:103(已结束),1,25.2,0,0,4,7,0,0,1,6,0,0,3,0,4,8,501178
卢艺文,深圳,北控,2019-11-02 19:35,108:103(已结束),1,28.1,1,8,1,2,0,0,0,5,2,0,0,1,2,5,501672
顾全,深圳,北控,2019-11-02 19:35,108:103(已结束),1,35.9,2,6,1,3,3,4,0,3,1,1,0,1,2,11,501176
贺希宁,深圳,北控,2019-11-02 19:35,108:103(已结束),1,22.9,0,1,1,1,0,0,1,4,1,0,0,1,3,2,501994
皮埃尔-杰克逊,深圳,北控,2019-11-02 19:35,108:103(已结束),1,39.0,7,13,1,6,7,8,1,4,9,2,0,5,3,30,100014108
沈梓捷,深圳,北控,2019-11-02 19:35,108:103(已结束),0,29.2,0,0,5,7,3,6,3,8,1,1,2,2,5,13,501674
韩驭丰,深圳,北控,2019-11-02 19:35,108:103(已结束),0,3.5,0,0,0,0,0,0,0,0,0,0,0,0,0,0,502848
沙巴兹-穆罕穆德,深圳,北控,2019-11-02 19:35,108:103(已结束),0,33.0,1,5,8,14,8,10,2,9,1,0,1,5,3,27,100014197
杨林祎,深圳,北控,2019-11-02 19:35,108:103(已结束),0,4.6,1,1,0,0,0,0,0,2,0,0,0,0,0,3,504102
白昊天,深圳,北控,2019-11-02 19:35,108:103(已结束),0,7.7,0,0,0,2,0,0,0,1,1,0,0,0,1,0,502845
容子峰,深圳,北控,2019-11-02 19:35,108:103(已结束),0,10.9,0,0,2,3,0,0,0,2,2,2,0,0,2,4,504047
达卡里-约翰逊,青岛,吉林,2019-11-02 19:35,103:105(已结束),1,38.8,0,0,9,12,5,10,7,19,4,1,3,1,4,23,100014112
翟逸,青岛,吉林,2019-11-02 19:35,103:105(已结束),1,31.4,0,0,5,7,4,4,1,2,2,3,0,3,5,14,501470
赵泰隆,青岛,吉林,2019-11-02 19:35,103:105(已结束),1,18.6,0,3,3,7,0,0,0,0,0,0,0,1,3,6,500382
王庆明,青岛,吉林,2019-11-02 19:35,103:105(已结束),1,31.6,1,3,0,4,0,0,0,6,3,1,0,0,1,3,501485
林韦翰,青岛,吉林,2019-11-02 19:35,103:105(已结束),1,27.3,2,3,2,3,0,0,0,3,3,1,0,2,2,10,100024774
刘传兴,青岛,吉林,2019-11-02 19:35,103:105(已结束),0,7.7,0,0,2,4,0,0,2,4,0,0,0,0,1,4,100013553
焦海龙,青岛,吉林,2019-11-02 19:35,103:105(已结束),0,17.9,0,1,3,4,0,0,0,0,0,1,1,1,1,6,502668
达柳斯·亚当斯,青岛,吉林,2019-11-02 19:35,103:105(已结束),0,30.6,1,13,5,10,4,5,2,14,5,3,0,4,2,17,503547
杨金蒙,青岛,吉林,2019-11-02 19:35,103:105(已结束),0,11.2,0,2,0,2,0,0,0,0,0,0,0,0,4,0,501399
张骋宇,青岛,吉林,2019-11-02 19:35,103:105(已结束),0,25.1,2,3,6,7,2,2,0,0,0,1,0,0,1,20,500660
多米尼克·琼斯,吉林,青岛,2019-11-02 19:35,103:105(已结束),1,39.2,0,8,9,19,10,12,1,4,8,2,0,3,4,28,501896
钟诚,吉林,青岛,2019-11-02 19:35,103:105(已结束),1,27.4,2,5,1,1,0,0,1,4,1,1,2,3,5,8,500523
柴长易,吉林,青岛,2019-11-02 19:35,103:105(已结束),1,11.5,0,1,0,1,0,0,1,2,0,0,0,2,1,0,501338
代怀博,吉林,青岛,2019-11-02 19:35,103:105(已结束),1,34.9,4,5,1,1,0,0,0,4,1,0,0,1,1,14,501413
姜宇星,吉林,青岛,2019-11-02 19:35,103:105(已结束),1,42.2,1,1,10,12,2,3,2,5,1,2,2,2,2,25,501650
伊莱·霍尔曼,吉林,青岛,2019-11-02 19:35,103:105(已结束),0,27.9,0,0,5,11,2,3,1,11,0,1,2,1,5,12,502309
张彪,吉林,青岛,2019-11-02 19:35,103:105(已结束),0,9.4,0,0,0,1,0,0,1,2,1,0,0,0,1,0,500526
崔晋铭,吉林,青岛,2019-11-02 19:35,103:105(已结束),0,36.1,0,3,7,11,3,4,0,5,5,1,0,1,2,17,501506
姜伟泽,吉林,青岛,2019-11-02 19:35,103:105(已结束),0,11.4,0,1,0,1,1,2,0,3,0,1,0,2,2,1,100013041
李京龙,广厦,福建,2019-11-02 19:35,93:90(已结束),1,32.8,1,5,0,1,0,0,0,4,0,0,0,3,1,3,501406
苏若禹,广厦,福建,2019-11-02 19:35,93:90(已结束),1,22.2,0,0,1,3,0,0,1,4,0,1,0,2,2,2,501181
胡金秋,广厦,福建,2019-11-02 19:35,93:90(已结束),1,39.9,0,1,13,18,2,2,3,13,2,1,2,4,1,28,502672
刘铮,广厦,福建,2019-11-02 19:35,93:90(已结束),1,35.4,0,1,2,4,0,0,1,4,1,2,0,0,4,4,503536
艾伦-杰克逊,广厦,福建,2019-11-02 19:35,93:90(已结束),1,43.0,3,5,10,17,3,4,3,7,12,1,1,3,3,32,100002135
杰伦-雷诺兹,广厦,福建,2019-11-02 19:35,93:90(已结束),0,24.3,0,0,3,13,4,4,6,11,2,5,0,2,2,10,100026568
孙铭徽,广厦,福建,2019-11-02 19:35,93:90(已结束),0,34.7,0,4,5,12,2,4,3,4,0,2,0,4,3,12,501747
朱俊龙,广厦,福建,2019-11-02 19:35,93:90(已结束),0,7.8,0,1,1,1,0,0,0,0,0,0,0,0,2,2,502774
埃里克-格林,福建,广厦,2019-11-02 19:35,93:90(已结束),1,29.7,1,5,5,9,2,2,1,5,3,1,0,1,1,15,100026973
王哲林,福建,广厦,2019-11-02 19:35,93:90(已结束),1,39.7,0,1,8,14,0,4,6,17,1,2,2,3,2,16,501537
陈林坚,福建,广厦,2019-11-02 19:35,93:90(已结束),1,44.6,4,9,4,7,1,3,1,3,2,2,0,5,3,21,501476
黄毅超,福建,广厦,2019-11-02 19:35,93:90(已结束),1,6.4,0,2,0,0,0,0,0,0,0,0,0,0,1,0,502311
孙椿棚,福建,广厦,2019-11-02 19:35,93:90(已结束),1,12.8,0,0,0,0,0,0,2,4,0,0,0,1,1,0,501704
孙喆,福建,广厦,2019-11-02 19:35,93:90(已结束),0,8.3,0,0,1,2,3,4,1,2,0,1,1,1,2,5,500441
刁成灏,福建,广厦,2019-11-02 19:35,93:90(已结束),0,7.8,1,4,0,0,0,0,1,1,1,0,0,0,0,3,501695
胡珑贸,福建,广厦,2019-11-02 19:35,93:90(已结束),0,24.3,2,4,1,1,0,0,0,2,2,0,0,3,4,8,503543
李江淮,福建,广厦,2019-11-02 19:35,93:90(已结束),0,25.0,0,2,0,1,0,0,2,4,5,1,0,1,2,0,503541
泰-劳森,福建,广厦,2019-11-02 19:35,93:90(已结束),0,41.5,2,6,6,12,4,4,0,5,7,7,0,4,4,22,100002149
多纳塔斯-莫泰尤纳斯,上海,同曦,2019-11-02 20:00,93:84(已结束),1,40.8,1,4,7,16,2,4,3,15,6,1,1,3,2,19,100002150
蔡亮,上海,同曦,2019-11-02 20:00,93:84(已结束),1,38.7,0,0,2,5,0,0,3,5,2,1,0,1,2,4,500367
鞠明欣,上海,同曦,2019-11-02 20:00,93:84(已结束),1,15.7,0,1,2,5,1,5,0,1,1,2,0,0,1,5,501398
罗旭东,上海,同曦,2019-11-02 20:00,93:84(已结束),1,25.0,1,1,1,3,1,2,1,3,3,0,0,2,5,6,100072
施宇晨,上海,同曦,2019-11-02 20:00,93:84(已结束),1,24.8,1,1,4,4,0,0,3,3,1,2,1,3,3,11,502764
董瀚麟,上海,同曦,2019-11-02 20:00,93:84(已结束),0,13.6,0,0,1,3,3,6,0,1,0,1,0,2,2,5,500539
张春军,上海,同曦,2019-11-02 20:00,93:84(已结束),0,3.0,0,0,0,0,0,0,0,0,0,1,0,0,0,0,501156
李根,上海,同曦,2019-11-02 20:00,93:84(已结束),0,18.3,0,2,3,3,2,2,0,3,2,0,0,2,1,8,500536
詹姆斯-纳纳利,上海,同曦,2019-11-02 20:00,93:84(已结束),0,31.2,1,3,6,11,3,4,1,6,2,1,0,1,1,18,100026410
罗汉琛,上海,同曦,2019-11-02 20:00,93:84(已结束),0,29.1,1,3,5,8,4,4,0,1,3,2,0,2,4,17,501532
哈达迪,同曦,上海,2019-11-02 20:00,93:84(已结束),1,29.7,1,1,3,10,0,0,6,24,1,1,4,5,4,9,501880
宋建骅,同曦,上海,2019-11-02 20:00,93:84(已结束),1,19.5,0,3,0,0,0,0,0,1,0,1,0,1,2,0,501380
郭一飞,同曦,上海,2019-11-02 20:00,93:84(已结束),1,37.2,1,4,5,7,0,2,5,7,0,0,0,1,4,13,501477
贝南-雅克查理,同曦,上海,2019-11-02 20:00,93:84(已结束),1,38.8,4,12,1,4,2,2,3,5,3,2,0,2,2,16,100001018
约瑟夫-杨,同曦,上海,2019-11-02 20:00,93:84(已结束),1,39.5,2,7,9,20,3,3,0,1,6,3,0,4,4,27,100014107
买尔丹·吐尔逊,同曦,上海,2019-11-02 20:00,93:84(已结束),0,11.8,0,0,1,1,0,0,1,2,2,0,0,0,4,2,500516
卢伟,同曦,上海,2019-11-02 20:00,93:84(已结束),0,14.6,1,3,0,1,0,0,0,0,0,1,0,0,0,3,100128
于长春,同曦,上海,2019-11-02 20:00,93:84(已结束),0,28.5,2,4,2,3,2,2,1,2,2,1,0,2,3,12,500701
王睿,同曦,上海,2019-11-02 20:00,93:84(已结束),0,17.3,0,1,1,1,0,0,0,1,0,1,1,2,5,2,502873
冯欣,同曦,上海,2019-11-02 20:00,93:84(已结束),0,3.1,0,2,0,0,0,0,1,1,0,0,0,0,0,0,501031
时德帅,天津,北京,2019-11-03 19:35,81:103(已结束),1,39.4,1,3,3,5,5,5,2,3,0,0,0,2,1,14,501763
马尔科-托多罗维奇,天津,北京,2019-11-03 19:35,81:103(已结束),1,37.3,0,0,7,12,6,7,4,10,6,3,1,3,3,20,100025549
孟子凯,天津,北京,2019-11-03 19:35,81:103(已结束),1,32.4,0,2,3,4,2,4,2,3,0,1,2,0,4,8,501762
李荣培,天津,北京,2019-11-03 19:35,81:103(已结束),1,20.6,2,6,0,2,1,2,1,3,2,1,1,3,4,7,501761
潘宁,天津,北京,2019-11-03 19:35,81:103(已结束),0,15.5,0,0,1,2,0,0,1,5,0,1,1,1,0,2,501701
金鑫,天津,北京,2019-11-03 19:35,81:103(已结束),0,11.8,0,0,3,4,0,0,2,2,0,1,0,0,4,6,501760
何思雨,天津,北京,2019-11-03 19:35,81:103(已结束),0,8.8,0,2,0,2,0,0,0,0,0,0,0,0,1,0,502630
史仪,天津,北京,2019-11-03 19:35,81:103(已结束),0,4.7,0,1,0,0,0,0,0,2,0,0,0,2,0,0,502748
刘帅,天津,北京,2019-11-03 19:35,81:103(已结束),0,22.8,1,1,1,3,2,4,0,2,1,1,0,0,1,7,100002564
查森-兰德尔,天津,北京,2019-11-03 19:35,81:103(已结束),0,30.9,2,10,3,8,2,2,0,6,5,0,0,3,4,14,100026412
朱彦西,北京,天津,2019-11-03 19:35,81:103(已结束),1,35.3,5,7,2,4,0,0,1,9,1,2,0,0,2,19,501234
加尼尤,北京,天津,2019-11-03 19:35,81:103(已结束),1,7.4,0,0,0,0,0,0,0,0,0,0,0,0,4,0,502650
翟晓川,北京,天津,2019-11-03 19:35,81:103(已结束),1,33.3,0,1,4,6,8,8,1,6,3,1,2,3,3,16,501346
方硕,北京,天津,2019-11-03 19:35,81:103(已结束),1,30.6,3,9,4,6,1,1,0,2,3,2,0,0,3,18,500519
林书豪,北京,天津,2019-11-03 19:35,81:103(已结束),1,35.8,0,5,7,13,11,12,2,6,9,2,0,4,4,25,100026408
常林,北京,天津,2019-11-03 19:35,81:103(已结束),0,11.7,0,0,0,1,0,0,1,1,0,0,0,0,2,0,400102
贾斯丁-汉密尔顿,北京,天津,2019-11-03 19:35,81:103(已结束),0,32.2,0,2,4,9,6,6,6,10,2,0,3,3,2,14,504139
段江鹏,北京,天津,2019-11-03 19:35,81:103(已结束),0,5.5,1,3,0,0,0,0,0,0,0,0,0,0,0,3,500389
王骁辉,北京,天津,2019-11-03 19:35,81:103(已结束),0,11.7,2,3,0,0,0,0,1,2,0,1,0,0,0,6,500517
张卓,北京,天津,2019-11-03 19:35,81:103(已结束),0,9.4,0,0,0,1,0,0,0,2,0,0,0,1,1,0,502651
刘晓宇,北京,天津,2019-11-03 19:35,81:103(已结束),0,21.4,0,1,1,3,0,0,0,2,1,1,0,1,2,2,100006
周仪翔,北京,天津,2019-11-03 19:35,81:103(已结束),0,5.8,0,1,0,1,0,0,0,0,0,0,0,0,0,0,504140
张永鹏,广州,山西,2019-11-03 19:35,96:123(已结束),1,9.3,0,0,1,1,0,0,0,0,0,0,0,0,2,2,500352
安德鲁-尼克尔森,广州,山西,2019-11-03 19:35,96:123(已结束),1,33.0,0,3,3,9,0,0,0,9,3,0,0,2,3,6,100002140
衡艺丰,广州,山西,2019-11-03 19:35,96:123(已结束),1,16.7,1,2,1,2,2,2,1,2,0,0,0,0,3,7,501711
司坤,广州,山西,2019-11-03 19:35,96:123(已结束),1,26.0,1,3,1,6,0,0,2,3,1,0,0,1,3,5,501746
陈盈骏,广州,山西,2019-11-03 19:35,96:123(已结束),1,30.3,1,3,3,10,2,2,0,2,6,0,0,1,1,11,504143
郑准,广州,山西,2019-11-03 19:35,96:123(已结束),0,17.4,4,5,2,2,0,0,0,6,0,0,0,1,0,16,500509
孙鸣阳,广州,山西,2019-11-03 19:35,96:123(已结束),0,21.7,1,4,3,3,1,1,0,3,1,0,0,1,4,10,501403
郭凯,广州,山西,2019-11-03 19:35,96:123(已结束),0,14.7,0,0,3,3,4,5,0,1,0,1,3,1,0,10,503539
刘丰搏,广州,山西,2019-11-03 19:35,96:123(已结束),0,2.2,0,0,0,0,0,0,0,0,0,0,0,0,2,0,501874
姚天一,广州,山西,2019-11-03 19:35,96:123(已结束),0,17.7,0,4,0,0,0,0,0,1,3,0,0,0,0,0,501979
谷玥灼,广州,山西,2019-11-03 19:35,96:123(已结束),0,15.4,0,0,1,1,0,0,1,1,0,0,0,0,1,2,503540
凯弗-赛克斯,广州,山西,2019-11-03 19:35,96:123(已结束),0,35.7,1,4,9,16,6,8,1,3,2,1,0,2,0,27,100026487
葛昭宝,山西,广州,2019-11-03 19:35,96:123(已结束),1,25.5,0,1,4,7,1,2,3,6,2,0,0,0,1,9,501322
任骏威,山西,广州,2019-11-03 19:35,96:123(已结束),1,13.8,2,2,0,2,0,0,1,1,1,0,0,0,2,6,501167
刘冠岑,山西,广州,2019-11-03 19:35,96:123(已结束),1,24.6,0,2,2,3,0,0,1,3,2,1,0,0,2,4,501697
原帅,山西,广州,2019-11-03 19:35,96:123(已结束),1,39.0,8,10,2,3,1,1,0,7,1,1,0,1,2,29,501459
马尔科姆-托马斯,山西,广州,2019-11-03 19:35,96:123(已结束),0,30.6,2,5,7,9,1,1,2,12,5,1,2,2,4,21,411458
闫鹏飞,山西,广州,2019-11-03 19:35,96:123(已结束),0,22.5,0,0,7,11,0,2,4,8,1,2,0,0,1,14,501318
邢志强,山西,广州,2019-11-03 19:35,96:123(已结束),0,4.5,1,2,1,2,0,0,0,0,0,0,1,0,2,5,501319
刘春庆,山西,广州,2019-11-03 19:35,96:123(已结束),0,6.3,0,0,0,1,0,0,0,0,0,0,0,1,1,0,501671
郭晓鹏,山西,广州,2019-11-03 19:35,96:123(已结束),0,25.3,1,4,1,3,0,0,1,2,1,0,0,1,4,5,501668
田桂森,山西,广州,2019-11-03 19:35,96:123(已结束),0,14.9,1,2,0,2,0,0,0,0,4,0,0,1,1,3,501320
韩德君,辽宁,广厦,2019-11-04 20:00,90:103(已结束),1,28.4,0,0,3,6,3,7,4,10,2,0,2,5,5,9,500345
李晓旭,辽宁,广厦,2019-11-04 20:00,90:103(已结束),1,22.1,0,0,5,7,3,3,2,4,0,0,0,0,1,13,100130
郭艾伦,辽宁,广厦,2019-11-04 20:00,90:103(已结束),1,36.1,0,1,5,11,1,2,0,1,2,4,0,2,3,11,501070
赵继伟,辽宁,广厦,2019-11-04 20:00,90:103(已结束),1,32.3,2,3,0,1,0,0,1,7,7,4,0,6,6,6,501736
兰斯-史蒂芬森,辽宁,广厦,2019-11-04 20:00,90:103(已结束),1,42.7,2,9,12,15,3,8,2,9,1,1,0,1,4,33,100000374
贺天举,辽宁,广厦,2019-11-04 20:00,90:103(已结束),0,19.3,0,3,1,1,1,2,3,4,1,2,0,0,1,3,500678
布兰登-巴斯,辽宁,广厦,2019-11-04 20:00,90:103(已结束),0,26.6,0,0,4,11,2,4,1,5,0,1,1,3,1,10,504142
刘志轩,辽宁,广厦,2019-11-04 20:00,90:103(已结束),0,14.2,0,1,0,0,0,0,0,1,1,0,0,1,0,0,501170
高诗岩,辽宁,广厦,2019-11-04 20:00,90:103(已结束),0,15.4,1,4,1,3,0,0,1,2,0,0,0,3,2,5,501726
郭旭,辽宁,广厦,2019-11-04 20:00,90:103(已结束),0,3.1,0,1,0,0,0,0,0,0,0,0,0,1,1,0,501727
李京龙,广厦,辽宁,2019-11-04 20:00,90:103(已结束),1,40.1,4,11,3,4,0,0,0,3,1,2,0,1,3,18,501406
苏若禹,广厦,辽宁,2019-11-04 20:00,90:103(已结束),1,22.1,0,0,2,5,3,4,2,5,1,1,0,0,5,7,501181
胡金秋,广厦,辽宁,2019-11-04 20:00,90:103(已结束),1,33.1,0,1,8,11,1,2,4,9,2,2,2,2,0,17,502672
刘铮,广厦,辽宁,2019-11-04 20:00,90:103(已结束),1,41.3,3,5,4,11,6,6,2,7,3,3,1,4,3,23,503536
艾伦-杰克逊,广厦,辽宁,2019-11-04 20:00,90:103(已结束),1,39.0,0,4,4,9,4,4,0,1,10,2,0,3,2,12,100002135
李金效,广厦,辽宁,2019-11-04 20:00,90:103(已结束),0,10.1,0,0,2,4,0,0,1,2,0,1,0,0,3,4,501742
孙铭徽,广厦,辽宁,2019-11-04 20:00,90:103(已结束),0,25.9,2,5,1,5,0,0,1,2,5,2,0,1,3,8,501747
杰伦-雷诺兹,广厦,辽宁,2019-11-04 20:00,90:103(已结束),0,26.8,0,0,6,11,2,2,2,9,2,4,0,4,4,14,100026568
朱俊龙,广厦,辽宁,2019-11-04 20:00,90:103(已结束),0,1.7,0,0,0,0,0,0,0,0,0,0,0,0,0,0,502774
桑尼,北控,上海,2019-11-05 19:35,98:102(已结束),1,34.1,1,3,8,13,2,2,5,9,2,2,0,2,3,21,501255
许梦君,北控,上海,2019-11-05 19:35,98:102(已结束),1,13.9,0,2,0,0,1,2,0,0,0,0,0,2,2,1,502697
王少杰,北控,上海,2019-11-05 19:35,98:102(已结束),1,24.8,0,0,4,7,0,0,2,5,0,0,1,1,3,8,100012401
孙悦,北控,上海,2019-11-05 19:35,98:102(已结束),1,30.5,3,9,2,3,1,2,0,1,10,1,1,1,5,14,101492
凯尔-弗格,北控,上海,2019-11-05 19:35,98:102(已结束),1,39.5,1,4,4,10,12,13,2,9,4,5,0,5,3,23,100002143
王子瑞,北控,上海,2019-11-05 19:35,98:102(已结束),0,19.4,0,3,3,4,2,2,0,1,1,1,0,2,1,8,501301
贾森·汤普森,北控,上海,2019-11-05 19:35,98:102(已结束),0,32.5,0,2,5,8,2,4,4,12,1,1,0,0,4,12,503568
张帆,北控,上海,2019-11-05 19:35,98:102(已结束),0,33.5,2,5,0,4,2,2,0,1,2,0,0,2,2,8,501781
宗赞,北控,上海,2019-11-05 19:35,98:102(已结束),0,7.6,1,2,0,1,0,0,2,3,0,0,0,1,1,3,501585
高尚,北控,上海,2019-11-05 19:35,98:102(已结束),0,4.1,0,1,0,1,0,0,0,0,1,0,0,0,1,0,501401
多纳塔斯-莫泰尤纳斯,上海,北控,2019-11-05 19:35,98:102(已结束),1,29.8,0,1,9,12,0,1,0,5,2,3,0,5,5,18,100002150
蔡亮,上海,北控,2019-11-05 19:35,98:102(已结束),1,29.2,1,4,0,3,2,4,0,2,1,2,1,2,2,5,500367
鞠明欣,上海,北控,2019-11-05 19:35,98:102(已结束),1,10.6,0,1,0,1,0,0,1,1,2,0,0,2,2,0,501398
罗旭东,上海,北控,2019-11-05 19:35,98:102(已结束),1,27.4,0,4,2,5,0,0,0,1,1,0,0,0,5,4,100072
施宇晨,上海,北控,2019-11-05 19:35,98:102(已结束),1,20.8,1,1,0,2,0,0,1,2,0,2,0,1,3,3,502764
张春军,上海,北控,2019-11-05 19:35,98:102(已结束),0,1.9,0,0,0,0,0,2,0,0,0,0,0,0,0,0,501156
詹姆斯-纳纳利,上海,北控,2019-11-05 19:35,98:102(已结束),0,33.4,4,5,2,6,11,12,2,9,6,1,0,3,2,27,100026410
董瀚麟,上海,北控,2019-11-05 19:35,98:102(已结束),0,33.7,0,0,7,9,7,11,3,16,1,2,1,3,4,21,500539
罗汉琛,上海,北控,2019-11-05 19:35,98:102(已结束),0,18.3,0,0,0,1,2,2,0,2,3,0,0,0,1,2,501532
李根,上海,北控,2019-11-05 19:35,98:102(已结束),0,34.9,3,9,5,9,3,4,1,2,3,0,0,1,2,22,500536
哈达迪,同曦,江苏,2019-11-05 19:35,88:90(已结束),1,35.1,0,0,5,10,6,8,1,13,6,0,2,6,4,16,501880
宋建骅,同曦,江苏,2019-11-05 19:35,88:90(已结束),1,27.0,2,6,0,0,4,4,2,4,1,0,0,3,4,10,501380
郭一飞,同曦,江苏,2019-11-05 19:35,88:90(已结束),1,40.1,1,6,4,4,1,1,3,6,2,2,0,1,3,12,501477
贝南-雅克查理,同曦,江苏,2019-11-05 19:35,88:90(已结束),1,33.9,2,7,4,6,1,4,1,9,3,3,0,1,1,15,100001018
约瑟夫-杨,同曦,江苏,2019-11-05 19:35,88:90(已结束),1,36.9,2,8,5,13,3,6,0,4,4,1,0,3,0,19,100014107
买尔丹·吐尔逊,同曦,江苏,2019-11-05 19:35,88:90(已结束),0,9.3,0,0,0,0,0,0,0,1,0,0,0,1,3,0,500516
王睿,同曦,江苏,2019-11-05 19:35,88:90(已结束),0,3.9,0,0,0,3,0,0,1,1,0,0,0,0,3,0,502873
孙思尧,同曦,江苏,2019-11-05 19:35,88:90(已结束),0,7.6,0,0,0,1,0,0,1,1,0,1,0,0,3,0,100024770
冯欣,同曦,江苏,2019-11-05 19:35,88:90(已结束),0,17.4,2,4,0,0,0,0,0,1,3,0,0,1,1,6,501031
于长春,同曦,江苏,2019-11-05 19:35,88:90(已结束),0,19.6,2,3,2,2,0,0,0,3,1,0,0,0,2,10,500701
何敬佳,同曦,江苏,2019-11-05 19:35,88:90(已结束),0,9.3,0,0,0,0,0,0,0,1,1,0,0,0,0,0,501980
吴冠希,江苏,同曦,2019-11-05 19:35,88:90(已结束),1,32.9,0,0,2,8,0,0,1,3,2,1,4,1,5,4,501882
易立,江苏,同曦,2019-11-05 19:35,88:90(已结束),1,32.7,1,1,6,9,2,2,0,3,2,3,0,0,1,17,100019
黄荣奇,江苏,同曦,2019-11-05 19:35,88:90(已结束),1,26.1,2,3,0,5,0,0,0,2,1,0,0,0,3,6,502861
史鸿飞,江苏,同曦,2019-11-05 19:35,88:90(已结束),1,25.8,2,3,0,0,0,0,0,1,4,2,0,0,4,6,501345
王洪,江苏,同曦,2019-11-05 19:35,88:90(已结束),0,10.8,0,1,0,0,0,0,0,1,2,1,0,1,0,0,503544
侯逸凡,江苏,同曦,2019-11-05 19:35,88:90(已结束),0,10.2,0,0,1,1,0,0,0,0,0,0,0,1,1,2,504101
柳伟,江苏,同曦,2019-11-05 19:35,88:90(已结束),0,29.5,0,1,2,3,1,1,2,4,0,0,0,2,6,5,100164
安东尼奥-布莱克尼,江苏,同曦,2019-11-05 19:35,88:90(已结束),0,38.6,2,4,13,23,9,13,1,9,3,3,0,4,0,41,100026409
赵旭昕,江苏,同曦,2019-11-05 19:35,88:90(已结束),0,3.5,0,0,0,0,0,0,0,1,0,0,0,0,0,0,502834
葛昭宝,山西,福建,2019-11-05 19:35,115:107(已结束),1,16.0,0,0,3,5,0,0,0,0,2,0,0,1,4,6,501322
任骏威,山西,福建,2019-11-05 19:35,115:107(已结束),1,14.9,1,2,1,3,0,0,2,5,0,0,0,0,1,5,501167
刘冠岑,山西,福建,2019-11-05 19:35,115:107(已结束),1,36.8,0,1,2,3,2,4,4,8,3,0,2,0,2,6,501697
原帅,山西,福建,2019-11-05 19:35,115:107(已结束),1,12.8,0,1,0,0,0,0,0,0,1,0,0,0,1,0,501459
马尔科姆-托马斯,山西,福建,2019-11-05 19:35,115:107(已结束),0,33.1,0,1,5,10,8,11,3,15,2,1,0,2,3,18,411458
邢志强,山西,福建,2019-11-05 19:35,115:107(已结束),0,4.7,1,1,0,0,0,0,0,2,0,0,0,1,1,3,501319
郭晓鹏,山西,福建,2019-11-05 19:35,115:107(已结束),0,26.0,1,3,3,5,0,0,0,2,2,0,0,0,4,9,501668
田桂森,山西,福建,2019-11-05 19:35,115:107(已结束),0,29.9,3,6,2,2,0,0,0,4,2,0,1,0,2,13,501320
闫鹏飞,山西,福建,2019-11-05 19:35,115:107(已结束),0,26.9,0,1,8,12,2,3,1,3,1,0,1,4,4,18,501318
埃里克-格林,福建,山西,2019-11-05 19:35,115:107(已结束),1,38.6,4,10,7,8,0,0,1,5,4,3,0,2,2,26,100026973
王哲林,福建,山西,2019-11-05 19:35,115:107(已结束),1,40.6,3,5,9,17,2,6,7,11,3,1,2,0,4,29,501537
陈林坚,福建,山西,2019-11-05 19:35,115:107(已结束),1,36.8,1,6,2,5,0,0,0,3,2,2,0,2,4,7,501476
孙椿棚,福建,山西,2019-11-05 19:35,115:107(已结束),1,20.5,0,0,1,2,1,2,0,0,1,1,1,0,4,3,501704
谢亚财,福建,山西,2019-11-05 19:35,115:107(已结束),1,11.5,0,0,0,0,0,0,0,2,3,0,0,1,1,0,500670
孙喆,福建,山西,2019-11-05 19:35,115:107(已结束),0,5.7,0,0,1,1,0,0,0,1,1,0,0,0,2,2,500441
泰-劳森,福建,山西,2019-11-05 19:35,115:107(已结束),0,33.4,0,3,9,15,10,16,2,8,4,2,0,3,4,28,100002149
胡珑贸,福建,山西,2019-11-05 19:35,115:107(已结束),0,14.8,1,4,0,3,2,2,0,1,0,1,0,0,3,5,503543
黄毅超,福建,山西,2019-11-05 19:35,115:107(已结束),0,26.9,1,5,2,2,0,0,1,4,2,0,0,0,2,7,502311
刁成灏,福建,山西,2019-11-05 19:35,115:107(已结束),0,11.3,0,2,0,0,0,0,0,0,0,0,0,0,1,0,501695
刘传兴,青岛,八一,2019-11-05 19:35,113:83(已结束),1,18.4,0,0,2,8,2,2,5,12,1,1,2,5,3,6,100013553
翟逸,青岛,八一,2019-11-05 19:35,113:83(已结束),1,18.3,0,0,1,2,4,6,0,1,0,0,0,2,6,6,501470
赵泰隆,青岛,八一,2019-11-05 19:35,113:83(已结束),1,29.5,4,6,0,4,0,0,1,3,0,1,0,0,1,12,500382
王庆明,青岛,八一,2019-11-05 19:35,113:83(已结束),1,26.0,0,1,1,1,0,0,1,3,2,0,1,0,2,2,501485
达柳斯·亚当斯,青岛,八一,2019-11-05 19:35,113:83(已结束),1,28.5,3,6,12,17,2,2,0,6,3,1,0,2,0,35,503547
焦海龙,青岛,八一,2019-11-05 19:35,113:83(已结束),0,27.6,1,3,2,4,0,0,1,7,0,0,1,0,4,7,502668
赵戌宏,青岛,八一,2019-11-05 19:35,113:83(已结束),0,4.3,0,0,0,1,0,0,0,0,0,1,0,0,0,0,502745
达卡里-约翰逊,青岛,八一,2019-11-05 19:35,113:83(已结束),0,19.5,0,0,6,11,7,8,1,11,2,2,1,1,0,19,100014112
赵大鹏,青岛,八一,2019-11-05 19:35,113:83(已结束),0,24.2,2,4,2,3,3,3,2,5,1,0,0,2,5,13,501180
张骋宇,青岛,八一,2019-11-05 19:35,113:83(已结束),0,11.8,0,1,2,4,2,2,0,2,1,0,0,1,2,6,500660
林韦翰,青岛,八一,2019-11-05 19:35,113:83(已结束),0,21.1,1,1,1,2,0,1,0,2,2,2,0,1,0,5,100024774
杨金蒙,青岛,八一,2019-11-05 19:35,113:83(已结束),0,10.9,0,0,1,1,0,0,0,1,1,0,0,3,1,2,501399
许钟豪,八一,青岛,2019-11-05 19:35,113:83(已结束),1,32.0,0,0,1,9,3,3,2,7,1,0,1,2,4,5,500535
刘航初,八一,青岛,2019-11-05 19:35,113:83(已结束),1,17.5,1,3,0,4,1,1,0,1,0,0,0,0,3,4,501144
雷蒙,八一,青岛,2019-11-05 19:35,113:83(已结束),1,37.5,3,6,5,8,4,6,1,4,3,1,0,1,1,23,501772
田宇翔,八一,青岛,2019-11-05 19:35,113:83(已结束),1,33.2,2,2,3,8,2,2,0,3,2,2,1,2,1,14,501335
王俊杰,八一,青岛,2019-11-05 19:35,113:83(已结束),1,27.9,0,3,2,6,4,6,1,7,1,2,0,0,2,8,100016488
张旭,八一,青岛,2019-11-05 19:35,113:83(已结束),0,1.4,0,0,0,0,0,0,0,0,0,0,0,0,0,0,100014134
余晨,八一,青岛,2019-11-05 19:35,113:83(已结束),0,12.9,0,0,1,3,1,2,1,3,0,0,0,2,6,3,501153
阿尔斯兰,八一,青岛,2019-11-05 19:35,113:83(已结束),0,13.7,1,6,0,2,1,2,0,0,1,0,0,2,2,4,501769
宁鸿宇,八一,青岛,2019-11-05 19:35,113:83(已结束),0,11.3,0,3,0,0,0,0,1,2,1,0,0,0,0,0,501779
郭昊文,八一,青岛,2019-11-05 19:35,113:83(已结束),0,13.0,0,2,2,4,1,2,0,1,0,2,0,0,4,5,502759
罗凯文,八一,青岛,2019-11-05 19:35,113:83(已结束),0,18.7,1,2,3,5,0,0,2,5,1,1,0,0,0,9,501777
付豪,八一,青岛,2019-11-05 19:35,113:83(已结束),0,21.0,0,0,4,7,0,0,2,6,0,0,0,2,1,8,501770
周琦,新疆,浙江,2019-11-05 19:35,146:138(已结束),1,44.4,0,5,8,13,8,15,7,20,7,2,4,1,5,24,501738
阿不都沙拉木,新疆,浙江,2019-11-05 19:35,146:138(已结束),1,45.2,1,3,8,14,5,5,7,13,1,0,0,1,3,24,501983
俞长栋,新疆,浙江,2019-11-05 19:35,146:138(已结束),1,19.1,0,0,3,4,1,1,2,5,1,1,0,2,4,7,501179
西热力江,新疆,浙江,2019-11-05 19:35,146:138(已结束),1,21.8,0,8,0,0,0,0,1,2,3,0,0,1,5,0,500555
凯-费尔德,新疆,浙江,2019-11-05 19:35,146:138(已结束),1,40.0,1,4,5,13,8,10,0,2,12,1,1,4,5,21,100023572
齐麟,新疆,浙江,2019-11-05 19:35,146:138(已结束),0,0.7,0,0,0,0,0,0,0,0,0,0,0,0,0,0,502784
范子铭,新疆,浙江,2019-11-05 19:35,146:138(已结束),0,13.3,0,0,2,2,1,1,1,3,1,0,0,1,1,5,501725
唐才育,新疆,浙江,2019-11-05 19:35,146:138(已结束),0,26.0,1,4,3,4,0,0,0,0,0,3,0,0,4,9,502749
贾内尔-斯托克斯,新疆,浙江,2019-11-05 19:35,146:138(已结束),0,39.2,1,3,15,18,7,9,5,16,2,1,0,3,0,40,504151
曾令旭,新疆,浙江,2019-11-05 19:35,146:138(已结束),0,18.0,0,1,1,4,0,0,0,1,5,0,0,1,1,2,501329
张大宇,浙江,新疆,2019-11-05 19:35,146:138(已结束),1,17.3,0,0,1,3,0,0,0,1,1,1,0,1,1,2,100085
朱旭航,浙江,新疆,2019-11-05 19:35,146:138(已结束),1,42.9,3,9,1,3,2,2,3,6,1,1,0,1,6,13,501546
吴前,浙江,新疆,2019-11-05 19:35,146:138(已结束),1,49.1,5,11,2,7,9,11,4,8,3,0,0,4,5,28,501409
程帅澎,浙江,新疆,2019-11-05 19:35,146:138(已结束),1,39.6,1,1,1,1,0,0,1,1,4,5,0,1,1,5,504070
马库斯-邓蒙,浙江,新疆,2019-11-05 19:35,146:138(已结束),1,47.1,8,18,6,10,14,14,0,3,7,1,0,3,4,50,503425
鞠鹏,浙江,新疆,2019-11-05 19:35,146:138(已结束),0,10.1,0,2,1,1,0,0,0,2,0,1,0,0,4,2,101765
刘泽一,浙江,新疆,2019-11-05 19:35,146:138(已结束),0,19.1,0,0,2,3,0,0,1,2,2,0,0,0,3,4,502908
西尔文-兰兹博格,浙江,新疆,2019-11-05 19:35,146:138(已结束),0,34.3,2,8,4,11,9,11,2,7,3,1,0,1,0,23,100026427
张正昕,浙江,新疆,2019-11-05 19:35,146:138(已结束),0,27.2,0,0,4,8,1,3,2,10,0,0,0,1,6,9,501991
付磊,浙江,新疆,2019-11-05 19:35,146:138(已结束),0,0.3,0,0,0,0,0,0,0,0,0,0,0,0,0,0,502029
王奕博,浙江,新疆,2019-11-05 19:35,146:138(已结束),0,3.0,0,0,1,2,0,0,0,0,0,0,0,1,1,2,502911
易建联,广东,四川,2019-11-05 19:35,118:115(已结束),1,35.7,1,4,12,18,6,6,2,7,0,1,3,1,4,33,100004
任骏飞,广东,四川,2019-11-05 19:35,118:115(已结束),1,35.2,0,3,4,5,1,3,3,5,1,1,1,1,3,9,500672
王薪凯,广东,四川,2019-11-05 19:35,118:115(已结束),1,10.4,0,1,0,0,0,0,0,1,0,1,0,1,2,0,501675
马尚·布鲁克斯,广东,四川,2019-11-05 19:35,118:115(已结束),1,35.9,2,5,8,10,13,13,1,8,8,4,1,6,0,35,503170
胡明轩,广东,四川,2019-11-05 19:35,118:115(已结束),1,23.8,2,5,0,1,0,0,1,2,1,0,0,1,5,6,502738
克拉伦斯-威姆斯,广东,四川,2019-11-05 19:35,118:115(已结束),0,34.3,0,1,14,25,3,6,3,9,5,3,0,2,1,31,504152
杜润旺,广东,四川,2019-11-05 19:35,118:115(已结束),0,19.9,1,3,0,0,1,2,1,3,1,1,0,0,1,4,502847
徐杰,广东,四川,2019-11-05 19:35,118:115(已结束),0,29.5,0,5,0,0,0,0,1,1,4,3,0,0,5,0,100000437
刘权标,广东,四川,2019-11-05 19:35,118:115(已结束),0,3.2,0,0,0,1,0,0,0,0,0,0,0,0,0,0,100016574
苏伟,广东,四川,2019-11-05 19:35,118:115(已结束),0,6.8,0,0,0,1,0,0,0,2,0,0,0,1,3,0,101763
曾繁日,广东,四川,2019-11-05 19:35,118:115(已结束),0,5.6,0,0,0,2,0,0,2,3,0,0,0,0,2,0,503258
于刚,四川,广东,2019-11-05 19:35,118:115(已结束),1,8.9,0,0,1,1,0,0,2,3,0,0,0,0,0,2,501021
李原宇,四川,广东,2019-11-05 19:35,118:115(已结束),1,33.6,2,3,3,9,0,0,3,9,2,0,0,2,4,12,501166
左朕年,四川,广东,2019-11-05 19:35,118:115(已结束),1,27.3,0,6,2,4,4,6,1,3,0,0,0,3,1,8,502024
考特尼·福特森,四川,广东,2019-11-05 19:35,118:115(已结束),1,40.5,6,10,7,9,9,11,3,5,9,3,0,4,6,41,503548
胡林森,四川,广东,2019-11-05 19:35,118:115(已结束),1,30.6,2,6,1,4,0,0,0,2,0,3,0,2,5,8,502860
托马斯-罗宾逊,四川,广东,2019-11-05 19:35,118:115(已结束),0,26.3,0,0,12,19,4,9,6,17,1,1,0,3,6,28,100016394
孟达,四川,广东,2019-11-05 19:35,118:115(已结束),0,17.5,1,2,0,2,0,0,0,2,1,0,1,1,1,3,100026
袁堂文,四川,广东,2019-11-05 19:35,118:115(已结束),0,7.5,0,0,1,1,0,0,0,0,2,0,0,1,0,2,100016831
侯天一,四川,广东,2019-11-05 19:35,118:115(已结束),0,24.0,2,4,2,3,0,0,1,5,1,0,0,1,4,10,502010
陈辰,四川,广东,2019-11-05 19:35,118:115(已结束),0,24.0,0,2,0,1,1,2,1,3,2,0,0,1,3,1,502296
朱彦西,北京,山东,2019-11-06 19:35,105:102(已结束),1,41.8,2,6,1,3,2,2,1,4,1,2,1,0,2,10,501234
加尼尤,北京,山东,2019-11-06 19:35,105:102(已结束),1,3.5,0,0,0,2,0,0,0,0,0,0,0,0,0,0,502650
翟晓川,北京,山东,2019-11-06 19:35,105:102(已结束),1,40.0,1,4,4,9,7,7,2,10,3,1,0,1,3,18,501346
方硕,北京,山东,2019-11-06 19:35,105:102(已结束),1,24.3,0,1,2,6,0,2,0,2,2,3,1,0,5,4,500519
林书豪,北京,山东,2019-11-06 19:35,105:102(已结束),1,34.6,2,5,4,11,10,12,0,8,6,1,0,3,3,24,100026408
贾斯丁-汉密尔顿,北京,山东,2019-11-06 19:35,105:102(已结束),0,37.1,2,3,12,14,5,6,3,10,5,0,8,2,0,35,504139
刘晓宇,北京,山东,2019-11-06 19:35,105:102(已结束),0,11.9,1,2,0,1,0,0,0,1,1,1,0,1,5,3,100006
段江鹏,北京,山东,2019-11-06 19:35,105:102(已结束),0,5.5,0,0,0,0,0,0,0,0,0,0,0,0,0,0,500389
常林,北京,山东,2019-11-06 19:35,105:102(已结束),0,10.5,0,0,1,2,1,2,1,4,1,0,0,2,2,3,400102
张才仁,北京,山东,2019-11-06 19:35,105:102(已结束),0,5.3,0,0,0,1,0,0,0,0,0,0,0,0,1,0,501976
周仪翔,北京,山东,2019-11-06 19:35,105:102(已结束),0,22.8,2,5,0,0,0,0,2,2,1,1,0,0,2,6,504140
张卓,北京,山东,2019-11-06 19:35,105:102(已结束),0,2.7,0,0,0,0,2,2,1,1,0,0,0,0,1,2,502651
贾诚,山东,北京,2019-11-06 19:35,105:102(已结束),1,35.4,1,1,3,9,1,4,2,8,1,0,1,2,5,10,501161
陶汉林,山东,北京,2019-11-06 19:35,105:102(已结束),1,5.0,0,0,0,1,0,2,0,3,1,0,0,0,2,0,500684
李敬宇,山东,北京,2019-11-06 19:35,105:102(已结束),1,41.3,7,8,0,0,0,0,0,3,5,0,0,0,2,21,500331
莱斯特·哈德森,山东,北京,2019-11-06 19:35,105:102(已结束),1,40.6,5,14,4,10,7,8,8,16,9,1,1,2,5,30,501217
张庆鹏,山东,北京,2019-11-06 19:35,105:102(已结束),1,38.5,2,6,1,3,2,2,1,3,4,5,0,4,3,10,100126
田嘉夫,山东,北京,2019-11-06 19:35,105:102(已结束),0,0.3,0,0,0,0,0,0,0,0,0,0,0,0,0,0,501382
陈培东,山东,北京,2019-11-06 19:35,105:102(已结束),0,2.4,0,0,0,0,0,0,0,0,0,0,0,0,0,0,502890
詹姆斯-梅斯,山东,北京,2019-11-06 19:35,105:102(已结束),0,30.9,0,2,5,8,1,2,1,3,1,1,0,4,2,11,100012421
刘大鹏,山东,北京,2019-11-06 19:35,105:102(已结束),0,13.5,0,2,0,3,0,0,1,1,0,2,0,0,4,0,500602
朱荣振,山东,北京,2019-11-06 19:35,105:102(已结束),0,15.3,0,0,2,5,4,4,2,3,0,0,0,1,1,8,504067
张辉,山东,北京,2019-11-06 19:35,105:102(已结束),0,16.9,3,3,1,5,1,2,2,4,0,0,0,1,5,12,501709
时德帅,天津,吉林,2019-11-06 19:35,107:121(已结束),1,44.4,0,3,5,8,3,6,3,4,0,3,1,1,0,13,501763
马尔科-托多罗维奇,天津,吉林,2019-11-06 19:35,107:121(已结束),1,38.2,0,0,14,16,6,7,3,17,2,1,1,4,5,34,100025549
孟子凯,天津,吉林,2019-11-06 19:35,107:121(已结束),1,24.7,0,2,1,2,2,2,2,2,3,0,0,0,3,4,501762
李荣培,天津,吉林,2019-11-06 19:35,107:121(已结束),1,41.5,3,3,6,8,0,0,0,4,6,3,0,4,5,21,501761
刘帅,天津,吉林,2019-11-06 19:35,107:121(已结束),0,7.0,0,0,0,1,0,0,0,1,0,0,0,1,0,0,100002564
查森-兰德尔,天津,吉林,2019-11-06 19:35,107:121(已结束),0,28.6,1,4,3,15,11,11,1,2,2,1,0,2,2,20,100026412
何思雨,天津,吉林,2019-11-06 19:35,107:121(已结束),0,19.1,1,2,2,3,0,2,1,4,1,2,0,2,3,7,502630
潘宁,天津,吉林,2019-11-06 19:35,107:121(已结束),0,7.6,0,1,0,2,1,2,2,2,0,0,1,0,2,1,501701
史仪,天津,吉林,2019-11-06 19:35,107:121(已结束),0,0.7,0,0,0,0,0,0,0,0,0,0,0,0,0,0,502748
金鑫,天津,吉林,2019-11-06 19:35,107:121(已结束),0,4.2,0,0,0,1,0,0,1,1,1,0,0,0,1,0,501760
多米尼克·琼斯,吉林,天津,2019-11-06 19:35,107:121(已结束),1,44.5,6,11,13,18,8,14,0,5,10,1,1,3,4,52,501896
钟诚,吉林,天津,2019-11-06 19:35,107:121(已结束),1,27.3,2,2,3,3,3,3,0,5,0,1,1,1,6,15,500523
代怀博,吉林,天津,2019-11-06 19:35,107:121(已结束),1,20.5,2,3,1,1,0,0,0,3,0,0,0,0,2,8,501413
姜宇星,吉林,天津,2019-11-06 19:35,107:121(已结束),1,42.2,0,0,1,4,7,8,1,5,2,3,1,1,4,9,501650
崔晋铭,吉林,天津,2019-11-06 19:35,107:121(已结束),1,43.3,1,4,7,8,3,4,0,3,3,1,0,2,3,20,501506
李安,吉林,天津,2019-11-06 19:35,107:121(已结束),0,5.7,0,0,0,1,0,0,0,2,0,0,0,0,0,0,500662
柴长易,吉林,天津,2019-11-06 19:35,107:121(已结束),0,4.8,0,0,0,1,0,0,0,0,1,1,0,0,0,0,501338
张彪,吉林,天津,2019-11-06 19:35,107:121(已结束),0,15.1,0,0,2,6,0,0,0,0,0,1,0,2,0,4,500526
伊莱·霍尔曼,吉林,天津,2019-11-06 19:35,107:121(已结束),0,27.5,0,0,6,9,1,2,1,7,0,1,2,2,3,13,502309
姜伟泽,吉林,天津,2019-11-06 19:35,107:121(已结束),0,9.3,0,2,0,0,0,0,1,1,1,2,0,0,0,0,100013041
李慕豪,深圳,广州,2019-11-06 20:00,103:119(已结束),1,29.8,0,0,5,8,4,5,0,1,0,1,0,2,2,14,501178
卢艺文,深圳,广州,2019-11-06 20:00,103:119(已结束),1,29.2,2,6,3,5,0,0,0,2,0,1,0,0,3,12,501672
顾全,深圳,广州,2019-11-06 20:00,103:119(已结束),1,32.9,0,2,2,4,3,4,1,5,3,1,0,4,2,7,501176
贺希宁,深圳,广州,2019-11-06 20:00,103:119(已结束),1,19.6,1,3,1,1,0,0,1,1,1,0,0,1,0,5,501994
皮埃尔-杰克逊,深圳,广州,2019-11-06 20:00,103:119(已结束),1,34.4,1,6,2,4,9,9,0,3,3,2,0,1,1,16,100014108
容子峰,深圳,广州,2019-11-06 20:00,103:119(已结束),0,4.7,0,1,0,0,0,0,1,1,0,1,0,0,0,0,504047
白昊天,深圳,广州,2019-11-06 20:00,103:119(已结束),0,18.6,0,1,2,4,0,0,0,3,6,0,0,0,4,4,502845
沙巴兹-穆罕穆德,深圳,广州,2019-11-06 20:00,103:119(已结束),0,33.9,1,3,8,10,10,13,3,8,2,0,1,0,4,29,100014197
杨林祎,深圳,广州,2019-11-06 20:00,103:119(已结束),0,13.6,2,5,0,1,0,0,0,1,1,0,0,1,1,6,504102
孟铎,深圳,广州,2019-11-06 20:00,103:119(已结束),0,5.2,0,0,0,0,0,0,0,0,1,0,0,1,2,0,100111
沈梓捷,深圳,广州,2019-11-06 20:00,103:119(已结束),0,18.2,0,0,3,3,4,4,1,2,1,0,0,0,2,10,501674
郭凯,广州,深圳,2019-11-06 20:00,103:119(已结束),1,31.2,0,0,7,9,0,0,2,6,3,3,1,0,4,14,503539
安德鲁-尼克尔森,广州,深圳,2019-11-06 20:00,103:119(已结束),1,37.4,5,7,7,10,2,2,2,7,4,1,0,3,2,31,100002140
刘丰搏,广州,深圳,2019-11-06 20:00,103:119(已结束),1,15.2,2,4,1,2,0,0,1,1,1,0,0,0,5,8,501874
陈盈骏,广州,深圳,2019-11-06 20:00,103:119(已结束),1,42.7,4,6,4,6,1,2,0,3,9,1,0,1,4,21,504143
凯弗-赛克斯,广州,深圳,2019-11-06 20:00,103:119(已结束),1,34.6,5,8,8,11,1,2,0,7,8,2,0,2,3,32,100026487
谷玥灼,广州,深圳,2019-11-06 20:00,103:119(已结束),0,19.0,0,1,2,2,1,3,0,1,0,1,0,1,0,5,503540
张永鹏,广州,深圳,2019-11-06 20:00,103:119(已结束),0,5.2,0,0,0,0,0,0,0,0,0,1,0,2,2,0,500352
孙鸣阳,广州,深圳,2019-11-06 20:00,103:119(已结束),0,22.3,1,3,0,4,1,2,0,3,1,0,0,0,5,4,501403
司坤,广州,深圳,2019-11-06 20:00,103:119(已结束),0,13.9,0,2,0,0,1,2,3,5,1,0,0,2,3,1,501746
姚天一,广州,深圳,2019-11-06 20:00,103:119(已结束),0,18.7,1,4,0,0,0,0,1,3,1,0,0,0,1,3,501979
哈达迪,同曦,四川,2019-11-07 19:35,103:101(已结束),1,27.8,0,1,6,10,3,6,2,8,6,0,3,3,4,15,501880
宋建骅,同曦,四川,2019-11-07 19:35,103:101(已结束),1,29.2,2,8,2,5,0,0,2,4,3,4,0,4,3,10,501380
郭一飞,同曦,四川,2019-11-07 19:35,103:101(已结束),1,33.2,3,3,3,5,4,4,1,5,0,1,1,1,5,19,501477
贝南-雅克查理,同曦,四川,2019-11-07 19:35,103:101(已结束),1,34.8,2,4,4,10,5,5,3,8,4,3,0,0,2,19,100001018
约瑟夫-杨,同曦,四川,2019-11-07 19:35,103:101(已结束),1,42.8,4,10,7,16,5,5,1,5,7,4,0,6,2,31,100014107
王睿,同曦,四川,2019-11-07 19:35,103:101(已结束),0,12.0,1,2,1,1,0,0,1,1,0,0,0,1,5,5,502873
张韩,同曦,四川,2019-11-07 19:35,103:101(已结束),0,2.9,0,1,0,1,0,0,0,2,0,0,0,0,1,0,501402
买尔丹·吐尔逊,同曦,四川,2019-11-07 19:35,103:101(已结束),0,20.1,0,0,0,1,0,0,1,3,1,0,0,2,4,0,500516
于长春,同曦,四川,2019-11-07 19:35,103:101(已结束),0,15.5,0,0,0,0,0,0,0,1,0,0,0,0,0,0,500701
何敬佳,同曦,四川,2019-11-07 19:35,103:101(已结束),0,13.3,0,0,2,3,0,0,1,1,1,0,0,0,2,4,501980
冯欣,同曦,四川,2019-11-07 19:35,103:101(已结束),0,8.4,0,0,0,1,0,0,1,3,1,0,0,0,0,0,501031
袁振梁,四川,同曦,2019-11-07 19:35,103:101(已结束),1,20.0,0,0,5,6,0,1,0,4,0,0,0,1,4,10,503341
李原宇,四川,同曦,2019-11-07 19:35,103:101(已结束),1,42.5,3,7,6,12,2,2,2,11,3,4,3,5,5,23,501166
左朕年,四川,同曦,2019-11-07 19:35,103:101(已结束),1,40.7,2,6,2,5,0,0,0,1,1,0,0,0,1,10,502024
考特尼·福特森,四川,同曦,2019-11-07 19:35,103:101(已结束),1,44.2,1,3,8,11,15,21,3,8,13,4,0,9,5,34,503548
胡林森,四川,同曦,2019-11-07 19:35,103:101(已结束),1,15.7,0,1,1,2,0,0,0,1,1,0,0,1,0,2,502860
孟达,四川,同曦,2019-11-07 19:35,103:101(已结束),0,32.3,1,5,0,2,0,0,0,2,4,2,0,0,3,3,100026
闵庆飞,四川,同曦,2019-11-07 19:35,103:101(已结束),0,1.2,0,0,0,0,0,0,0,0,0,0,0,0,0,0,501673
陈辰,四川,同曦,2019-11-07 19:35,103:101(已结束),0,11.8,0,2,0,0,0,0,1,2,0,0,0,1,0,0,502296
托马斯-罗宾逊,四川,同曦,2019-11-07 19:35,103:101(已结束),0,27.8,0,0,6,14,7,9,4,8,0,2,1,0,3,19,100016394
袁堂文,四川,同曦,2019-11-07 19:35,103:101(已结束),0,3.8,0,0,0,1,0,0,1,1,0,0,0,0,1,0,100016831
王哲林,福建,青岛,2019-11-07 19:35,119:125(已结束),1,39.1,1,3,13,20,4,7,2,9,3,1,2,1,5,33,501537
陈林坚,福建,青岛,2019-11-07 19:35,119:125(已结束),1,45.3,3,12,3,6,4,5,1,4,3,0,0,2,2,19,501476
孙椿棚,福建,青岛,2019-11-07 19:35,119:125(已结束),1,29.9,0,0,2,3,0,0,3,10,1,1,0,0,1,4,501704
谢亚财,福建,青岛,2019-11-07 19:35,119:125(已结束),1,6.1,0,0,0,0,0,0,0,0,1,0,0,1,3,0,500670
埃里克-格林,福建,青岛,2019-11-07 19:35,119:125(已结束),1,29.8,3,7,2,7,2,3,1,8,6,0,0,1,0,15,100026973
李江淮,福建,青岛,2019-11-07 19:35,119:125(已结束),0,1.9,0,1,0,0,0,0,0,0,0,0,0,0,1,0,503541
孙喆,福建,青岛,2019-11-07 19:35,119:125(已结束),0,12.4,0,0,1,1,0,0,2,2,0,0,0,4,2,2,500441
黄毅超,福建,青岛,2019-11-07 19:35,119:125(已结束),0,25.4,0,2,3,3,0,0,2,2,1,2,1,2,1,6,502311
泰-劳森,福建,青岛,2019-11-07 19:35,119:125(已结束),0,40.2,4,7,9,16,10,10,1,8,2,0,0,0,0,40,100002149
胡珑贸,福建,青岛,2019-11-07 19:35,119:125(已结束),0,9.8,0,0,0,0,0,0,0,1,1,1,0,0,1,0,503543
刘传兴,青岛,福建,2019-11-07 19:35,119:125(已结束),1,8.1,0,0,1,1,0,0,1,2,0,0,0,0,1,2,100013553
翟逸,青岛,福建,2019-11-07 19:35,119:125(已结束),1,32.2,0,0,2,5,1,2,0,3,3,0,2,0,1,5,501470
赵泰隆,青岛,福建,2019-11-07 19:35,119:125(已结束),1,15.3,0,3,0,0,0,0,1,2,1,0,0,0,1,0,500382
王庆明,青岛,福建,2019-11-07 19:35,119:125(已结束),1,38.6,5,7,3,5,2,2,0,2,0,2,0,1,4,23,501485
达柳斯·亚当斯,青岛,福建,2019-11-07 19:35,119:125(已结束),1,34.1,6,14,7,14,2,2,0,6,4,1,0,1,2,34,503547
张骋宇,青岛,福建,2019-11-07 19:35,119:125(已结束),0,41.5,2,5,6,11,3,3,0,3,1,0,0,0,1,21,500660
达卡里-约翰逊,青岛,福建,2019-11-07 19:35,119:125(已结束),0,32.9,0,0,12,19,2,2,4,16,4,0,3,3,6,26,100014112
林韦翰,青岛,福建,2019-11-07 19:35,119:125(已结束),0,13.9,1,2,0,0,0,0,1,1,2,0,0,0,1,3,100024774
赵大鹏,青岛,福建,2019-11-07 19:35,119:125(已结束),0,7.0,0,0,0,0,0,0,0,1,1,0,0,0,1,0,501180
焦海龙,青岛,福建,2019-11-07 19:35,119:125(已结束),0,16.3,1,3,4,7,0,0,4,6,0,2,0,1,3,11,502668
周琦,新疆,广厦,2019-11-07 19:35,115:110(已结束),1,41.1,1,5,8,11,0,0,4,13,3,0,3,3,1,19,501738
阿不都沙拉木,新疆,广厦,2019-11-07 19:35,115:110(已结束),1,42.7,2,6,4,5,6,11,4,10,5,1,0,1,1,20,501983
俞长栋,新疆,广厦,2019-11-07 19:35,115:110(已结束),1,28.2,0,1,2,4,2,4,4,6,1,0,0,1,6,6,501179
凯-费尔德,新疆,广厦,2019-11-07 19:35,115:110(已结束),1,39.7,1,6,6,14,3,3,1,6,12,3,0,1,2,18,100023572
西热力江,新疆,广厦,2019-11-07 19:35,115:110(已结束),0,44.9,8,16,0,0,0,0,2,4,7,2,0,1,4,24,500555
范子铭,新疆,广厦,2019-11-07 19:35,115:110(已结束),0,8.5,0,0,3,4,0,0,1,4,0,0,0,1,3,6,501725
唐才育,新疆,广厦,2019-11-07 19:35,115:110(已结束),0,6.0,0,2,0,0,0,0,0,0,0,1,0,0,1,0,502749
曾令旭,新疆,广厦,2019-11-07 19:35,115:110(已结束),0,6.9,0,1,1,1,1,2,0,0,0,1,0,1,3,3,501329
贾内尔-斯托克斯,新疆,广厦,2019-11-07 19:35,115:110(已结束),0,25.0,0,1,7,9,1,2,2,5,1,0,0,1,4,15,504151
西尔扎提,新疆,广厦,2019-11-07 19:35,115:110(已结束),0,6.8,0,1,0,1,0,0,0,0,1,0,0,1,2,0,100016514
李京龙,广厦,新疆,2019-11-07 19:35,115:110(已结束),1,46.3,6,12,1,2,1,1,1,8,1,3,0,1,3,21,501406
苏若禹,广厦,新疆,2019-11-07 19:35,115:110(已结束),1,11.7,0,0,5,6,0,0,1,2,0,1,0,0,0,10,501181
胡金秋,广厦,新疆,2019-11-07 19:35,115:110(已结束),1,44.0,0,0,10,18,3,4,5,15,2,0,3,1,5,23,502672
刘铮,广厦,新疆,2019-11-07 19:35,115:110(已结束),1,42.3,0,1,3,9,6,7,2,4,0,1,1,1,4,12,503536
艾伦-杰克逊,广厦,新疆,2019-11-07 19:35,115:110(已结束),1,47.7,0,2,11,19,5,9,1,2,16,1,0,3,3,27,100002135
赵嘉义,广厦,新疆,2019-11-07 19:35,115:110(已结束),0,2.2,0,1,0,0,0,0,0,1,0,0,0,0,0,0,502776
吴羽佳,广厦,新疆,2019-11-07 19:35,115:110(已结束),0,6.1,0,0,1,2,1,1,1,2,1,0,0,0,1,3,503764
杰伦-雷诺兹,广厦,新疆,2019-11-07 19:35,115:110(已结束),0,26.0,0,0,4,12,2,2,0,3,4,0,0,1,3,10,100026568
李金效,广厦,新疆,2019-11-07 19:35,115:110(已结束),0,5.4,0,0,0,0,0,0,1,1,0,0,0,2,1,0,501742
朱俊龙,广厦,新疆,2019-11-07 19:35,115:110(已结束),0,33.2,1,1,0,0,1,2,1,3,0,0,0,1,1,4,502774
柳伟,江苏,天津,2019-11-08 19:35,98:92(已结束),1,31.3,2,5,1,1,1,2,0,6,0,2,1,1,5,9,100164
侯逸凡,江苏,天津,2019-11-08 19:35,98:92(已结束),1,13.0,0,0,0,1,1,2,2,2,1,1,1,0,1,1,504101
黄荣奇,江苏,天津,2019-11-08 19:35,98:92(已结束),1,20.6,1,1,4,4,5,6,0,1,0,1,0,3,0,16,502861
史鸿飞,江苏,天津,2019-11-08 19:35,98:92(已结束),1,29.4,0,1,1,2,1,1,1,1,3,2,0,3,1,3,501345
吴冠希,江苏,天津,2019-11-08 19:35,98:92(已结束),0,22.8,0,0,2,2,1,2,1,6,0,1,2,1,5,5,501882
安东尼奥-布莱克尼,江苏,天津,2019-11-08 19:35,98:92(已结束),0,41.5,5,11,10,21,9,13,0,8,3,2,1,7,4,44,100026409
易立,江苏,天津,2019-11-08 19:35,98:92(已结束),0,31.8,0,1,1,3,0,0,1,5,4,2,1,4,4,2,100019
王洪,江苏,天津,2019-11-08 19:35,98:92(已结束),0,22.7,1,2,2,3,1,5,1,3,0,5,1,1,0,8,503544
赵旭昕,江苏,天津,2019-11-08 19:35,98:92(已结束),0,0.6,0,0,0,0,0,0,0,0,0,0,0,0,1,0,502834
赵率舟,江苏,天津,2019-11-08 19:35,98:92(已结束),0,21.7,0,3,0,0,0,0,0,3,0,1,0,0,2,0,501737
时德帅,天津,江苏,2019-11-08 19:35,98:92(已结束),1,44.4,1,1,3,6,2,2,2,5,1,4,0,1,6,11,501763
马尔科-托多罗维奇,天津,江苏,2019-11-08 19:35,98:92(已结束),1,36.6,0,1,8,14,6,11,4,14,3,1,2,10,6,22,100025549
孟子凯,天津,江苏,2019-11-08 19:35,98:92(已结束),1,19.4,0,1,0,1,0,0,1,2,1,0,1,1,3,0,501762
李荣培,天津,江苏,2019-11-08 19:35,98:92(已结束),1,49.4,3,7,3,7,0,0,1,6,2,3,0,4,4,15,501761
金鑫,天津,江苏,2019-11-08 19:35,98:92(已结束),0,3.0,0,0,0,0,0,0,0,0,0,0,0,0,1,0,501760
史仪,天津,江苏,2019-11-08 19:35,98:92(已结束),0,17.2,0,2,0,0,1,2,0,1,1,2,0,0,0,1,502748
何思雨,天津,江苏,2019-11-08 19:35,98:92(已结束),0,13.4,0,0,0,1,0,0,0,3,1,0,0,0,2,0,502630
刘帅,天津,江苏,2019-11-08 19:35,98:92(已结束),0,3.8,0,0,0,0,0,0,0,0,0,0,0,1,0,0,100002564
查森-兰德尔,天津,江苏,2019-11-08 19:35,98:92(已结束),0,35.2,1,11,10,21,10,14,1,6,1,6,0,6,4,33,100026412
郭凯,广州,北控,2019-11-08 19:35,123:134(已结束),1,25.1,0,0,0,5,2,2,4,7,2,3,1,3,6,2,503539
安德鲁-尼克尔森,广州,北控,2019-11-08 19:35,123:134(已结束),1,40.5,5,9,6,14,4,7,1,6,1,1,1,1,3,31,100002140
刘丰搏,广州,北控,2019-11-08 19:35,123:134(已结束),1,32.0,2,6,1,2,2,2,1,2,2,0,0,0,3,10,501874
陈盈骏,广州,北控,2019-11-08 19:35,123:134(已结束),1,47.9,1,9,2,4,3,4,1,6,6,2,0,2,5,10,504143
凯弗-赛克斯,广州,北控,2019-11-08 19:35,123:134(已结束),1,41.5,5,11,10,14,7,8,0,8,7,1,0,3,2,42,100026487
郑准,广州,北控,2019-11-08 19:35,123:134(已结束),0,8.9,1,1,0,1,0,0,0,1,0,0,0,0,2,3,500509
姚天一,广州,北控,2019-11-08 19:35,123:134(已结束),0,23.3,3,6,1,3,0,2,2,3,1,0,0,1,1,11,501979
谷玥灼,广州,北控,2019-11-08 19:35,123:134(已结束),0,3.8,0,0,1,1,0,0,0,0,0,1,0,2,1,2,503540
司坤,广州,北控,2019-11-08 19:35,123:134(已结束),0,23.3,1,2,2,2,2,3,1,1,0,3,0,3,1,9,501746
孙鸣阳,广州,北控,2019-11-08 19:35,123:134(已结束),0,13.7,0,1,1,2,1,2,1,4,0,0,0,1,1,3,501403
张永鹏,广州,北控,2019-11-08 19:35,123:134(已结束),0,27.1,0,0,0,1,0,0,0,4,1,0,1,1,6,0,500352
田宇恒,广州,北控,2019-11-08 19:35,123:134(已结束),0,2.9,0,0,0,0,0,0,0,0,1,0,0,0,0,0,502739
桑尼,北控,广州,2019-11-08 19:35,123:134(已结束),1,29.9,0,2,8,16,1,2,1,9,0,1,0,0,0,17,501255
王少杰,北控,广州,2019-11-08 19:35,123:134(已结束),1,34.6,0,0,6,10,2,6,1,3,0,0,3,1,2,14,100012401
孙悦,北控,广州,2019-11-08 19:35,123:134(已结束),1,32.4,1,5,1,3,1,1,0,1,3,1,1,2,6,6,101492
王子瑞,北控,广州,2019-11-08 19:35,123:134(已结束),1,46.5,0,3,9,12,1,2,1,3,5,3,0,1,4,19,501301
凯尔-弗格,北控,广州,2019-11-08 19:35,123:134(已结束),1,45.2,4,8,8,11,15,16,1,11,5,1,1,4,5,43,100002143
贾森·汤普森,北控,广州,2019-11-08 19:35,123:134(已结束),0,30.1,0,0,1,3,1,2,2,7,3,3,0,5,5,3,503568
张帆,北控,广州,2019-11-08 19:35,123:134(已结束),0,26.6,3,7,2,4,0,0,0,1,5,0,0,1,0,13,501781
许梦君,北控,广州,2019-11-08 19:35,123:134(已结束),0,5.3,2,2,0,0,0,0,0,0,0,0,0,0,1,6,502697
孙桐林,北控,广州,2019-11-08 19:35,123:134(已结束),0,25.3,0,0,2,5,1,2,2,7,0,0,1,1,1,5,501177
高尚,北控,广州,2019-11-08 19:35,123:134(已结束),0,14.2,0,1,3,4,2,2,3,3,1,1,0,1,3,8,501401
朱彦西,北京,上海,2019-11-08 19:35,94:88(已结束),1,37.2,1,9,2,2,0,0,1,6,2,1,1,0,4,7,501234
加尼尤,北京,上海,2019-11-08 19:35,94:88(已结束),1,2.1,0,0,0,0,0,0,0,0,0,0,0,0,3,0,502650
翟晓川,北京,上海,2019-11-08 19:35,94:88(已结束),1,36.7,2,4,2,7,5,5,1,4,1,3,0,3,1,15,501346
方硕,北京,上海,2019-11-08 19:35,94:88(已结束),1,40.0,1,2,7,10,2,2,0,3,5,1,0,3,3,19,500519
林书豪,北京,上海,2019-11-08 19:35,94:88(已结束),1,35.4,0,2,12,17,2,4,1,7,4,3,1,5,4,26,100026408
张卓,北京,上海,2019-11-08 19:35,94:88(已结束),0,7.7,0,0,1,1,2,2,0,1,0,0,0,0,0,4,502651
王骁辉,北京,上海,2019-11-08 19:35,94:88(已结束),0,6.2,1,1,0,0,0,0,0,1,0,0,0,0,0,3,500517
常林,北京,上海,2019-11-08 19:35,94:88(已结束),0,9.2,0,0,1,2,0,0,0,1,1,1,0,1,2,2,400102
周仪翔,北京,上海,2019-11-08 19:35,94:88(已结束),0,9.1,0,0,0,0,0,0,0,0,1,0,0,0,1,0,504140
贾斯丁-汉密尔顿,北京,上海,2019-11-08 19:35,94:88(已结束),0,36.6,0,1,5,11,2,2,2,15,4,2,0,0,3,12,504139
刘晓宇,北京,上海,2019-11-08 19:35,94:88(已结束),0,19.9,0,2,3,5,0,0,0,1,1,0,0,2,0,6,100006
多纳塔斯-莫泰尤纳斯,上海,北京,2019-11-08 19:35,94:88(已结束),1,36.2,1,1,13,19,2,5,1,10,5,2,0,4,3,31,100002150
蔡亮,上海,北京,2019-11-08 19:35,94:88(已结束),1,26.9,0,3,1,3,0,0,1,2,2,1,0,1,5,2,500367
鞠明欣,上海,北京,2019-11-08 19:35,94:88(已结束),1,10.3,0,0,0,0,2,2,0,2,1,0,0,2,1,2,501398
罗旭东,上海,北京,2019-11-08 19:35,94:88(已结束),1,31.0,1,3,2,5,0,0,0,3,0,1,0,2,3,7,100072
施宇晨,上海,北京,2019-11-08 19:35,94:88(已结束),1,18.0,1,2,0,3,0,0,0,0,1,0,0,0,3,3,502764
董瀚麟,上海,北京,2019-11-08 19:35,94:88(已结束),0,16.9,0,0,2,4,2,6,1,5,0,1,0,2,1,6,500539
詹姆斯-纳纳利,上海,北京,2019-11-08 19:35,94:88(已结束),0,35.8,2,3,6,10,1,2,1,7,3,2,0,1,0,19,100026410
张春军,上海,北京,2019-11-08 19:35,94:88(已结束),0,16.2,0,0,1,3,0,0,0,0,2,1,0,4,2,2,501156
罗汉琛,上海,北京,2019-11-08 19:35,94:88(已结束),0,18.8,0,0,2,6,0,0,1,3,5,1,0,0,0,4,501532
李根,上海,北京,2019-11-08 19:35,94:88(已结束),0,30.0,1,6,3,6,3,3,1,3,0,0,0,1,3,12,500536
韩德君,辽宁,深圳,2019-11-08 19:35,123:107(已结束),1,34.8,0,0,7,11,7,10,6,19,3,1,0,1,4,21,500345
贺天举,辽宁,深圳,2019-11-08 19:35,123:107(已结束),1,17.2,0,5,2,2,2,2,1,3,1,1,0,0,1,6,500678
赵继伟,辽宁,深圳,2019-11-08 19:35,123:107(已结束),1,28.1,2,4,1,3,0,0,0,0,7,4,0,1,4,8,501736
兰斯-史蒂芬森,辽宁,深圳,2019-11-08 19:35,123:107(已结束),1,33.6,3,6,9,20,8,8,5,13,2,0,0,2,4,35,100000374
高诗岩,辽宁,深圳,2019-11-08 19:35,123:107(已结束),0,27.3,2,6,0,3,1,2,1,4,5,1,0,0,4,7,501726
布兰登-巴斯,辽宁,深圳,2019-11-08 19:35,123:107(已结束),0,37.0,0,0,9,13,4,7,4,5,2,2,1,1,2,22,504142
李晓旭,辽宁,深圳,2019-11-08 19:35,123:107(已结束),0,6.5,0,0,0,3,0,0,2,2,0,0,0,0,0,0,100130
刘志轩,辽宁,深圳,2019-11-08 19:35,123:107(已结束),0,25.4,2,4,1,1,0,0,0,0,3,1,0,0,2,8,501170
郭艾伦,辽宁,深圳,2019-11-08 19:35,123:107(已结束),0,30.1,2,5,5,8,0,0,0,2,5,0,0,3,5,16,501070
李慕豪,深圳,辽宁,2019-11-08 19:35,123:107(已结束),1,21.9,0,2,3,7,4,4,2,5,0,0,0,2,5,10,501178
卢艺文,深圳,辽宁,2019-11-08 19:35,123:107(已结束),1,23.6,0,2,2,2,0,0,0,0,2,1,0,2,3,4,501672
顾全,深圳,辽宁,2019-11-08 19:35,123:107(已结束),1,32.7,1,2,3,7,2,2,1,7,3,0,0,2,1,11,501176
德怀特-拜克斯,深圳,辽宁,2019-11-08 19:35,123:107(已结束),1,29.1,0,3,4,10,0,0,3,5,4,3,0,5,3,8,504885
贺希宁,深圳,辽宁,2019-11-08 19:35,123:107(已结束),1,11.8,0,3,1,1,0,0,0,1,0,1,0,0,2,2,501994
白昊天,深圳,辽宁,2019-11-08 19:35,123:107(已结束),0,27.1,0,2,2,4,4,6,0,5,4,1,1,0,2,8,502845
赵义明,深圳,辽宁,2019-11-08 19:35,123:107(已结束),0,3.4,0,0,1,2,0,1,1,2,0,0,1,0,1,2,100012242
沈梓捷,深圳,辽宁,2019-11-08 19:35,123:107(已结束),0,26.2,0,0,4,5,2,4,0,3,3,0,0,1,4,10,501674
沙巴兹-穆罕穆德,深圳,辽宁,2019-11-08 19:35,123:107(已结束),0,38.2,3,6,9,14,11,14,4,10,1,0,1,0,3,38,100014197
孟铎,深圳,辽宁,2019-11-08 19:35,123:107(已结束),0,26.1,3,3,2,2,1,1,0,1,3,0,0,3,3,14,100111
多米尼克·琼斯,吉林,八一,2019-11-08 19:35,105:84(已结束),1,22.6,0,3,9,13,2,2,1,3,2,1,2,1,2,20,501896
钟诚,吉林,八一,2019-11-08 19:35,105:84(已结束),1,25.1,1,1,4,4,2,3,0,7,3,2,0,0,3,13,500523
张彪,吉林,八一,2019-11-08 19:35,105:84(已结束),1,23.3,0,0,3,7,0,0,0,1,1,0,1,0,5,6,500526
姜宇星,吉林,八一,2019-11-08 19:35,105:84(已结束),1,36.8,1,1,3,6,1,2,0,7,3,2,0,0,2,10,501650
崔晋铭,吉林,八一,2019-11-08 19:35,105:84(已结束),1,40.6,1,3,8,13,4,7,1,7,5,1,0,1,2,23,501506
郭金林,吉林,八一,2019-11-08 19:35,105:84(已结束),0,1.9,0,0,0,1,0,0,0,0,0,0,0,1,1,0,501386
伊莱·霍尔曼,吉林,八一,2019-11-08 19:35,105:84(已结束),0,20.8,0,0,8,12,1,2,2,10,1,0,2,2,2,17,502309
柴长易,吉林,八一,2019-11-08 19:35,105:84(已结束),0,8.4,0,0,1,2,0,0,0,1,0,0,0,1,0,2,501338
李安,吉林,八一,2019-11-08 19:35,105:84(已结束),0,13.7,0,0,1,2,0,0,1,3,0,0,3,0,1,2,500662
代怀博,吉林,八一,2019-11-08 19:35,105:84(已结束),0,15.2,0,1,0,2,0,0,0,2,0,0,1,1,4,0,501413
姜伟泽,吉林,八一,2019-11-08 19:35,105:84(已结束),0,24.5,1,2,2,6,3,3,0,1,2,1,0,1,2,10,100013041
夏钰博,吉林,八一,2019-11-08 19:35,105:84(已结束),0,7.3,0,0,0,0,2,2,0,2,0,0,0,0,1,2,501158
许钟豪,八一,吉林,2019-11-08 19:35,105:84(已结束),1,22.0,0,0,3,4,0,0,2,6,0,0,1,3,3,6,500535
刘航初,八一,吉林,2019-11-08 19:35,105:84(已结束),1,24.4,1,4,0,1,0,0,1,4,2,0,0,1,1,3,501144
雷蒙,八一,吉林,2019-11-08 19:35,105:84(已结束),1,30.6,2,7,2,6,4,4,1,1,3,0,0,1,4,14,501772
田宇翔,八一,吉林,2019-11-08 19:35,105:84(已结束),1,19.5,0,1,3,6,0,0,1,2,3,0,1,0,3,6,501335
王俊杰,八一,吉林,2019-11-08 19:35,105:84(已结束),1,27.2,1,1,3,7,2,3,1,8,1,2,0,3,1,11,100016488
张祖铭,八一,吉林,2019-11-08 19:35,105:84(已结束),0,4.6,0,0,0,1,0,0,2,2,0,0,0,0,0,0,501782
阿尔斯兰,八一,吉林,2019-11-08 19:35,105:84(已结束),0,23.0,1,3,3,6,3,4,0,0,0,1,0,0,4,12,501769
石颜博,八一,吉林,2019-11-08 19:35,105:84(已结束),0,14.6,0,0,2,4,0,0,1,1,0,0,0,0,2,4,502760
余晨,八一,吉林,2019-11-08 19:35,105:84(已结束),0,7.9,0,0,0,2,0,0,0,1,1,0,0,0,0,0,501153
郭昊文,八一,吉林,2019-11-08 19:35,105:84(已结束),0,24.7,0,5,4,8,2,3,2,3,4,2,0,0,1,10,502759
付豪,八一,吉林,2019-11-08 19:35,105:84(已结束),0,22.6,0,0,3,11,4,5,2,10,0,0,0,1,1,10,501770
罗凯文,八一,吉林,2019-11-08 19:35,105:84(已结束),0,19.0,2,5,1,3,0,0,0,4,0,0,1,1,0,8,501777
易建联,广东,山东,2019-11-08 20:00,126:110(已结束),1,34.4,3,7,4,11,0,0,1,8,0,1,4,1,1,17,100004
任骏飞,广东,山东,2019-11-08 20:00,126:110(已结束),1,31.1,2,4,3,3,2,2,2,7,0,2,0,2,3,14,500672
马尚·布鲁克斯,广东,山东,2019-11-08 20:00,126:110(已结束),1,35.2,5,6,8,15,4,4,2,9,6,3,0,7,1,35,503170
赵睿,广东,山东,2019-11-08 20:00,126:110(已结束),1,25.9,2,5,3,4,0,0,0,2,2,1,0,0,1,12,501938
胡明轩,广东,山东,2019-11-08 20:00,126:110(已结束),1,16.4,1,2,1,1,2,5,0,3,0,0,0,1,1,7,502738
苏伟,广东,山东,2019-11-08 20:00,126:110(已结束),0,4.5,0,0,0,0,0,0,2,2,0,0,0,1,1,0,101763
杜润旺,广东,山东,2019-11-08 20:00,126:110(已结束),0,12.2,1,1,1,1,0,0,0,0,1,0,0,0,3,5,502847
克拉伦斯-威姆斯,广东,山东,2019-11-08 20:00,126:110(已结束),0,36.1,0,1,8,14,2,3,1,6,12,1,0,4,2,18,504152
徐杰,广东,山东,2019-11-08 20:00,126:110(已结束),0,16.8,1,2,2,3,0,0,1,1,3,0,0,0,1,7,100000437
曾繁日,广东,山东,2019-11-08 20:00,126:110(已结束),0,9.1,0,0,1,2,0,0,1,2,0,2,1,0,0,2,503258
刘权标,广东,山东,2019-11-08 20:00,126:110(已结束),0,0.7,0,0,0,0,0,0,0,0,0,0,0,0,0,0,100016574
王薪凯,广东,山东,2019-11-08 20:00,126:110(已结束),0,17.7,3,4,0,0,0,0,0,0,0,0,0,0,2,9,501675
贾诚,山东,广东,2019-11-08 20:00,126:110(已结束),1,19.5,0,1,4,6,0,0,1,4,2,1,0,1,0,8,501161
陶汉林,山东,广东,2019-11-08 20:00,126:110(已结束),1,34.2,0,0,7,9,0,2,1,6,1,0,0,2,5,14,500684
李敬宇,山东,广东,2019-11-08 20:00,126:110(已结束),1,39.7,2,5,0,2,0,0,3,6,1,0,0,1,3,6,500331
莱斯特·哈德森,山东,广东,2019-11-08 20:00,126:110(已结束),1,34.5,6,16,2,6,9,9,2,6,11,4,1,4,4,31,501217
张辉,山东,广东,2019-11-08 20:00,126:110(已结束),1,34.1,0,4,2,3,0,0,0,2,1,2,0,1,2,4,501709
侯沛佐,山东,广东,2019-11-08 20:00,126:110(已结束),0,1.8,0,1,0,0,0,0,0,0,0,0,0,1,0,0,100012178
詹姆斯-梅斯,山东,广东,2019-11-08 20:00,126:110(已结束),0,37.6,1,5,10,21,3,4,7,12,3,5,2,4,2,26,100012421
陈培东,山东,广东,2019-11-08 20:00,126:110(已结束),0,22.6,2,6,4,5,0,0,1,2,1,1,0,1,0,14,502890
孙贺男,山东,广东,2019-11-08 20:00,126:110(已结束),0,6.6,1,1,0,0,0,0,1,1,1,0,0,0,0,3,501182
朱荣振,山东,广东,2019-11-08 20:00,126:110(已结束),0,4.4,0,0,1,1,0,0,1,2,0,0,0,0,1,2,504067
刘大鹏,山东,广东,2019-11-08 20:00,126:110(已结束),0,5.2,0,1,0,0,2,2,2,3,1,0,0,0,0,2,500602
宋建骅,同曦,浙江,2019-11-09 19:35,98:93(已结束),1,24.0,1,4,0,1,0,0,1,2,2,0,2,0,0,3,501380
郭一飞,同曦,浙江,2019-11-09 19:35,98:93(已结束),1,24.0,0,1,1,3,0,0,1,2,2,0,0,1,3,2,501477
王睿,同曦,浙江,2019-11-09 19:35,98:93(已结束),1,37.7,2,4,5,5,1,2,1,6,0,0,0,1,5,17,502873
何敬佳,同曦,浙江,2019-11-09 19:35,98:93(已结束),1,29.5,1,3,3,5,0,0,2,3,1,0,0,0,4,9,501980
约瑟夫-杨,同曦,浙江,2019-11-09 19:35,98:93(已结束),1,39.8,5,7,8,15,10,11,0,6,8,3,0,5,1,41,100014107
于长春,同曦,浙江,2019-11-09 19:35,98:93(已结束),0,24.0,2,4,0,0,0,0,0,1,0,1,0,3,3,6,500701
乔文瀚,同曦,浙江,2019-11-09 19:35,98:93(已结束),0,3.6,0,0,0,0,0,0,0,1,0,0,0,1,2,0,502372
买尔丹·吐尔逊,同曦,浙江,2019-11-09 19:35,98:93(已结束),0,3.9,0,0,0,0,0,0,0,0,0,0,0,0,0,0,500516
张韩,同曦,浙江,2019-11-09 19:35,98:93(已结束),0,0.4,0,0,0,0,0,0,0,0,0,0,0,1,0,0,501402
哈达迪,同曦,浙江,2019-11-09 19:35,98:93(已结束),0,30.0,0,1,4,5,1,2,3,14,3,0,3,6,3,9,501880
冯欣,同曦,浙江,2019-11-09 19:35,98:93(已结束),0,23.1,2,4,2,4,1,2,0,2,3,0,0,1,4,11,501031
朱旭航,浙江,同曦,2019-11-09 19:35,98:93(已结束),1,34.6,1,6,2,5,0,0,4,7,0,0,0,1,3,7,501546
刘泽一,浙江,同曦,2019-11-09 19:35,98:93(已结束),1,29.9,0,0,7,11,1,1,6,10,1,0,0,3,4,15,502908
吴前,浙江,同曦,2019-11-09 19:35,98:93(已结束),1,36.0,0,6,1,4,0,0,2,7,4,3,1,2,2,2,501409
程帅澎,浙江,同曦,2019-11-09 19:35,98:93(已结束),1,36.0,1,4,2,3,0,0,2,2,2,1,0,0,5,7,504070
马库斯-邓蒙,浙江,同曦,2019-11-09 19:35,98:93(已结束),1,39.1,4,10,5,12,8,8,0,2,6,2,0,2,2,30,503425
付磊,浙江,同曦,2019-11-09 19:35,98:93(已结束),0,0.1,0,0,0,0,0,0,0,0,1,0,0,0,0,0,502029
张正昕,浙江,同曦,2019-11-09 19:35,98:93(已结束),0,2.7,0,0,0,1,1,2,0,0,0,1,0,0,0,1,501991
西尔文-兰兹博格,浙江,同曦,2019-11-09 19:35,98:93(已结束),0,33.0,1,6,6,12,9,10,5,10,4,3,0,1,0,24,100026427
张大宇,浙江,同曦,2019-11-09 19:35,98:93(已结束),0,28.8,0,0,3,9,1,1,3,5,2,0,0,1,3,7,100085
韩德君,辽宁,八一,2019-11-10 16:00,114:89(已结束),1,24.5,0,0,8,9,3,5,3,14,3,1,0,0,0,19,500345
李晓旭,辽宁,八一,2019-11-10 16:00,114:89(已结束),1,30.0,0,1,3,11,0,0,2,6,1,1,0,0,1,6,100130
郭艾伦,辽宁,八一,2019-11-10 16:00,114:89(已结束),1,27.5,3,5,3,7,4,4,1,4,4,3,0,3,1,19,501070
赵继伟,辽宁,八一,2019-11-10 16:00,114:89(已结束),1,21.6,0,1,4,7,2,2,0,1,3,1,0,1,2,10,501736
兰斯-史蒂芬森,辽宁,八一,2019-11-10 16:00,114:89(已结束),1,24.5,1,2,9,13,3,3,0,5,4,0,0,2,2,24,100000374
布兰登-巴斯,辽宁,八一,2019-11-10 16:00,114:89(已结束),0,21.5,0,0,7,10,2,2,1,6,1,0,2,1,2,16,504142
高诗岩,辽宁,八一,2019-11-10 16:00,114:89(已结束),0,29.5,0,1,0,3,0,0,0,3,8,1,0,2,3,0,501726
刘志轩,辽宁,八一,2019-11-10 16:00,114:89(已结束),0,25.2,4,5,0,0,0,0,1,3,4,0,0,0,0,12,501170
郭旭,辽宁,八一,2019-11-10 16:00,114:89(已结束),0,13.8,1,3,1,3,1,1,0,0,0,0,0,0,0,6,501727
贺天举,辽宁,八一,2019-11-10 16:00,114:89(已结束),0,17.9,0,1,1,2,0,0,0,3,0,0,0,0,2,2,500678
王化东,辽宁,八一,2019-11-10 16:00,114:89(已结束),0,2.0,0,0,0,0,0,0,0,1,0,0,0,0,1,0,502870
马壮,辽宁,八一,2019-11-10 16:00,114:89(已结束),0,2.0,0,0,0,0,0,0,0,0,0,0,0,0,0,0,100012194
许钟豪,八一,辽宁,2019-11-10 16:00,114:89(已结束),1,20.0,0,0,1,4,0,0,2,4,1,0,1,0,2,2,500535
刘航初,八一,辽宁,2019-11-10 16:00,114:89(已结束),1,34.0,1,2,4,6,3,3,0,2,0,1,0,0,3,14,501144
雷蒙,八一,辽宁,2019-11-10 16:00,114:89(已结束),1,28.4,1,5,4,12,0,0,1,4,3,3,0,0,0,11,501772
田宇翔,八一,辽宁,2019-11-10 16:00,114:89(已结束),1,27.3,0,1,3,11,0,0,0,2,1,0,0,1,2,6,501335
郭昊文,八一,辽宁,2019-11-10 16:00,114:89(已结束),1,15.6,0,3,2,3,1,2,0,3,2,0,0,0,2,5,502759
罗凯文,八一,辽宁,2019-11-10 16:00,114:89(已结束),0,19.0,2,5,1,5,2,3,1,3,1,1,0,1,2,10,501777
缪光旸,八一,辽宁,2019-11-10 16:00,114:89(已结束),0,7.9,0,0,1,1,0,0,0,0,0,0,0,1,0,2,501778
石颜博,八一,辽宁,2019-11-10 16:00,114:89(已结束),0,4.3,0,0,0,0,0,0,0,0,0,0,0,0,0,0,502760
韩硕,八一,辽宁,2019-11-10 16:00,114:89(已结束),0,28.4,4,7,1,2,0,0,0,2,3,3,0,1,1,14,100020
王俊杰,八一,辽宁,2019-11-10 16:00,114:89(已结束),0,18.1,0,1,1,3,2,2,1,3,4,0,0,3,1,4,100016488
张祖铭,八一,辽宁,2019-11-10 16:00,114:89(已结束),0,3.6,0,0,0,0,0,0,0,1,0,0,0,0,0,0,501782
付豪,八一,辽宁,2019-11-10 16:00,114:89(已结束),0,33.6,0,0,9,19,3,4,7,16,2,0,0,1,0,21,501770
多米尼克·琼斯,吉林,广东,2019-11-10 19:00,120:115(已结束),1,44.1,2,6,18,24,7,12,2,10,11,1,0,3,5,49,501896
钟诚,吉林,广东,2019-11-10 19:00,120:115(已结束),1,26.2,1,5,1,3,0,0,0,5,2,1,1,1,6,5,500523
张彪,吉林,广东,2019-11-10 19:00,120:115(已结束),1,20.9,0,0,3,4,1,2,0,1,1,0,0,0,0,7,500526
姜宇星,吉林,广东,2019-11-10 19:00,120:115(已结束),1,39.1,0,0,4,8,3,6,1,3,4,2,0,1,2,11,501650
崔晋铭,吉林,广东,2019-11-10 19:00,120:115(已结束),1,44.1,1,2,5,9,5,7,1,6,1,0,0,4,0,18,501506
伊莱·霍尔曼,吉林,广东,2019-11-10 19:00,120:115(已结束),0,27.9,0,0,8,15,2,2,5,13,0,1,0,1,1,18,502309
姜伟泽,吉林,广东,2019-11-10 19:00,120:115(已结束),0,6.4,0,2,0,1,0,0,0,0,0,0,0,0,0,0,100013041
代怀博,吉林,广东,2019-11-10 19:00,120:115(已结束),0,26.1,4,8,0,0,0,0,0,3,0,1,0,0,4,12,501413
夏钰博,吉林,广东,2019-11-10 19:00,120:115(已结束),0,1.4,0,1,0,0,0,0,0,0,0,0,0,0,0,0,501158
刘天意,吉林,广东,2019-11-10 19:00,120:115(已结束),0,3.9,0,0,0,0,0,0,0,0,1,0,0,0,1,0,501540
易建联,广东,吉林,2019-11-10 19:00,120:115(已结束),1,37.7,1,4,9,13,6,6,5,14,4,3,0,1,2,27,100004
任骏飞,广东,吉林,2019-11-10 19:00,120:115(已结束),1,36.5,2,4,6,8,2,2,3,6,2,0,2,1,2,20,500672
马尚·布鲁克斯,广东,吉林,2019-11-10 19:00,120:115(已结束),1,35.0,6,14,7,11,4,4,1,12,4,0,1,4,3,36,503170
赵睿,广东,吉林,2019-11-10 19:00,120:115(已结束),1,37.8,2,4,1,2,0,0,2,5,3,2,0,1,2,8,501938
胡明轩,广东,吉林,2019-11-10 19:00,120:115(已结束),1,20.6,1,3,0,0,2,2,0,2,1,0,0,0,5,5,502738
苏伟,广东,吉林,2019-11-10 19:00,120:115(已结束),0,1.7,0,0,0,0,0,0,0,0,0,0,0,1,1,0,101763
王薪凯,广东,吉林,2019-11-10 19:00,120:115(已结束),0,15.1,1,2,1,2,0,0,0,1,0,0,0,1,3,5,501675
克拉伦斯-威姆斯,广东,吉林,2019-11-10 19:00,120:115(已结束),0,30.9,0,2,3,12,5,6,2,5,8,1,2,3,4,11,504152
曾繁日,广东,吉林,2019-11-10 19:00,120:115(已结束),0,11.9,0,0,1,2,1,2,0,1,0,0,0,1,5,3,503258
徐杰,广东,吉林,2019-11-10 19:00,120:115(已结束),0,12.9,0,3,0,0,0,0,0,1,2,1,0,0,1,0,100000437
李京龙,广厦,山西,2019-11-10 19:35,100:91(已结束),1,15.3,2,5,0,3,0,0,0,0,0,0,0,0,0,6,501406
苏若禹,广厦,山西,2019-11-10 19:35,100:91(已结束),1,16.0,0,0,3,3,1,2,0,4,0,1,1,1,1,7,501181
胡金秋,广厦,山西,2019-11-10 19:35,100:91(已结束),1,29.9,0,1,4,8,0,1,1,8,0,0,1,0,2,8,502672
刘铮,广厦,山西,2019-11-10 19:35,100:91(已结束),1,37.4,1,2,10,15,2,3,1,5,5,3,0,2,4,25,503536
艾伦-杰克逊,广厦,山西,2019-11-10 19:35,100:91(已结束),1,30.4,0,1,3,8,2,2,0,4,10,1,0,4,2,8,100002135
李金效,广厦,山西,2019-11-10 19:35,100:91(已结束),0,9.4,0,0,0,0,0,0,0,2,0,0,1,0,4,0,501742
赵岩昊,广厦,山西,2019-11-10 19:35,100:91(已结束),0,26.0,2,6,2,4,0,0,1,2,2,3,0,1,4,10,501752
赵天熠,广厦,山西,2019-11-10 19:35,100:91(已结束),0,10.0,0,0,0,1,0,0,0,1,0,0,0,0,6,0,501408
朱俊龙,广厦,山西,2019-11-10 19:35,100:91(已结束),0,7.7,1,2,0,0,1,2,0,0,0,2,0,0,0,4,502774
孙铭徽,广厦,山西,2019-11-10 19:35,100:91(已结束),0,24.9,0,1,4,5,2,2,0,0,6,1,0,1,1,10,501747
杰伦-雷诺兹,广厦,山西,2019-11-10 19:35,100:91(已结束),0,30.6,0,0,10,18,2,2,6,15,2,1,0,1,4,22,100026568
吴羽佳,广厦,山西,2019-11-10 19:35,100:91(已结束),0,2.3,0,0,0,0,0,0,0,0,0,1,0,1,2,0,503764
葛昭宝,山西,广厦,2019-11-10 19:35,100:91(已结束),1,35.9,0,1,6,12,8,10,1,2,1,2,0,2,2,20,501322
任骏威,山西,广厦,2019-11-10 19:35,100:91(已结束),1,33.5,1,4,3,4,1,2,0,2,4,1,1,1,2,10,501167
刘冠岑,山西,广厦,2019-11-10 19:35,100:91(已结束),1,25.6,0,0,0,3,0,0,1,5,1,0,0,3,2,0,501697
原帅,山西,广厦,2019-11-10 19:35,100:91(已结束),1,34.9,4,10,2,2,0,0,0,1,1,0,0,2,3,16,501459
刘春庆,山西,广厦,2019-11-10 19:35,100:91(已结束),0,10.4,0,0,0,1,2,2,0,0,2,0,0,2,1,2,501671
马尔科姆-托马斯,山西,广厦,2019-11-10 19:35,100:91(已结束),0,27.0,0,2,3,5,2,6,4,12,3,0,1,2,2,8,411458
田桂森,山西,广厦,2019-11-10 19:35,100:91(已结束),0,3.3,0,1,0,0,0,0,0,0,0,0,0,0,0,0,501320
闫鹏飞,山西,广厦,2019-11-10 19:35,100:91(已结束),0,12.1,0,0,3,5,1,3,2,4,1,0,1,2,3,7,501318
郭晓鹏,山西,广厦,2019-11-10 19:35,100:91(已结束),0,12.3,1,4,0,1,0,0,0,2,0,0,0,0,0,3,501668
王哲林,福建,新疆,2019-11-10 19:35,120:127(已结束),1,36.0,1,3,9,19,6,9,2,9,2,0,1,2,6,27,501537
陈林坚,福建,新疆,2019-11-10 19:35,120:127(已结束),1,40.2,5,6,2,6,0,0,1,4,2,0,0,1,3,19,501476
刁成灏,福建,新疆,2019-11-10 19:35,120:127(已结束),1,17.7,1,8,0,2,0,0,1,1,2,1,0,0,3,3,501695
谢亚财,福建,新疆,2019-11-10 19:35,120:127(已结束),1,8.4,0,0,0,0,0,0,1,2,2,0,0,0,1,0,500670
埃里克-格林,福建,新疆,2019-11-10 19:35,120:127(已结束),1,36.8,3,7,7,11,6,7,2,5,1,1,0,0,2,29,100026973
黄毅超,福建,新疆,2019-11-10 19:35,120:127(已结束),0,12.9,0,2,0,0,0,0,0,0,2,1,0,0,2,0,502311
孙椿棚,福建,新疆,2019-11-10 19:35,120:127(已结束),0,16.4,0,0,1,1,0,0,0,2,0,3,0,0,2,2,501704
泰-劳森,福建,新疆,2019-11-10 19:35,120:127(已结束),0,33.2,2,4,5,11,10,11,1,2,4,2,0,4,2,26,100002149
徐铭智,福建,新疆,2019-11-10 19:35,120:127(已结束),0,2.7,0,0,0,0,0,0,0,0,0,0,0,0,0,0,502737
孙喆,福建,新疆,2019-11-10 19:35,120:127(已结束),0,10.8,0,0,0,1,2,2,1,4,1,1,0,0,1,2,500441
胡珑贸,福建,新疆,2019-11-10 19:35,120:127(已结束),0,25.0,2,3,2,3,2,2,0,2,1,2,0,2,5,12,503543
周琦,新疆,福建,2019-11-10 19:35,120:127(已结束),1,32.9,2,6,11,13,7,9,2,9,0,2,1,2,2,35,501738
阿不都沙拉木,新疆,福建,2019-11-10 19:35,120:127(已结束),1,39.3,0,3,8,12,5,5,1,6,1,0,0,0,2,21,501983
俞长栋,新疆,福建,2019-11-10 19:35,120:127(已结束),1,22.9,0,0,0,0,0,0,4,5,3,0,1,1,3,0,501179
西热力江,新疆,福建,2019-11-10 19:35,120:127(已结束),1,33.9,2,7,1,2,0,0,1,4,5,1,1,1,5,8,500555
凯-费尔德,新疆,福建,2019-11-10 19:35,120:127(已结束),1,29.9,1,6,1,7,10,10,1,5,7,0,0,5,3,15,100023572
范子铭,新疆,福建,2019-11-10 19:35,120:127(已结束),0,8.7,0,0,3,3,0,0,1,1,0,0,1,1,2,6,501725
唐才育,新疆,福建,2019-11-10 19:35,120:127(已结束),0,3.7,0,2,0,0,0,0,0,0,0,0,0,0,0,0,502749
贾内尔-斯托克斯,新疆,福建,2019-11-10 19:35,120:127(已结束),0,29.6,1,3,9,14,2,2,2,20,4,0,1,4,6,23,504151
曾令旭,新疆,福建,2019-11-10 19:35,120:127(已结束),0,14.1,1,1,0,1,2,2,0,1,3,3,0,2,1,5,501329
贾诚,山东,广州,2019-11-10 19:35,100:99(已结束),1,11.6,0,0,1,4,2,4,1,2,1,1,0,0,2,4,501161
陶汉林,山东,广州,2019-11-10 19:35,100:99(已结束),1,26.7,0,0,4,6,2,6,1,5,2,0,2,0,3,10,500684
李敬宇,山东,广州,2019-11-10 19:35,100:99(已结束),1,38.8,1,5,0,0,0,0,2,2,1,0,0,1,5,3,500331
莱斯特·哈德森,山东,广州,2019-11-10 19:35,100:99(已结束),1,42.6,4,11,7,13,4,4,1,11,7,1,1,2,5,30,501217
张辉,山东,广州,2019-11-10 19:35,100:99(已结束),1,9.0,0,0,0,1,0,0,0,0,0,0,0,1,2,0,501709
张庆鹏,山东,广州,2019-11-10 19:35,100:99(已结束),0,27.6,1,4,1,2,0,0,1,2,6,2,0,0,1,5,100126
詹姆斯-梅斯,山东,广州,2019-11-10 19:35,100:99(已结束),0,29.4,2,5,6,8,4,4,7,13,1,0,0,2,4,22,100012421
陈培东,山东,广州,2019-11-10 19:35,100:99(已结束),0,26.0,3,6,3,5,0,0,2,3,1,2,0,1,0,15,502890
朱荣振,山东,广州,2019-11-10 19:35,100:99(已结束),0,4.2,0,0,1,1,0,0,1,1,0,0,0,1,2,2,504067
田嘉夫,山东,广州,2019-11-10 19:35,100:99(已结束),0,24.1,3,5,0,2,0,0,0,4,0,0,1,1,3,9,501382
张永鹏,广州,山东,2019-11-10 19:35,100:99(已结束),1,25.1,0,0,0,1,0,0,1,6,1,0,1,1,6,0,500352
安德鲁-尼克尔森,广州,山东,2019-11-10 19:35,100:99(已结束),1,37.9,3,6,8,13,6,7,3,10,1,1,0,2,2,31,100002140
司坤,广州,山东,2019-11-10 19:35,100:99(已结束),1,34.2,0,4,2,3,7,8,5,6,1,2,0,1,2,11,501746
陈盈骏,广州,山东,2019-11-10 19:35,100:99(已结束),1,40.6,3,7,3,8,2,2,2,6,1,0,0,2,2,17,504143
马库斯-亨特,广州,山东,2019-11-10 19:35,100:99(已结束),1,34.1,0,5,6,10,9,12,0,3,4,0,0,1,4,21,100028978
郑准,广州,山东,2019-11-10 19:35,100:99(已结束),0,9.7,0,0,0,0,0,0,1,1,0,0,1,1,2,0,500509
刘丰搏,广州,山东,2019-11-10 19:35,100:99(已结束),0,13.0,1,1,1,2,0,0,0,0,0,0,0,0,1,5,501874
孙鸣阳,广州,山东,2019-11-10 19:35,100:99(已结束),0,23.4,1,4,0,1,4,6,2,6,2,1,0,0,4,7,501403
姚天一,广州,山东,2019-11-10 19:35,100:99(已结束),0,22.1,1,4,2,2,0,0,0,2,3,3,0,2,1,7,501979
多纳塔斯-莫泰尤纳斯,上海,天津,2019-11-10 19:35,94:86(已结束),1,37.9,2,3,9,14,3,5,3,15,3,3,1,3,2,27,100002150
张春军,上海,天津,2019-11-10 19:35,94:86(已结束),1,10.6,0,0,0,2,0,0,0,1,2,1,0,0,1,0,501156
鞠明欣,上海,天津,2019-11-10 19:35,94:86(已结束),1,9.7,0,1,2,3,0,0,1,1,0,0,0,0,3,4,501398
罗旭东,上海,天津,2019-11-10 19:35,94:86(已结束),1,40.3,1,1,7,11,3,3,0,3,6,2,0,2,2,20,100072
施宇晨,上海,天津,2019-11-10 19:35,94:86(已结束),1,11.1,1,4,0,2,0,0,0,1,1,0,1,0,2,3,502764
李根,上海,天津,2019-11-10 19:35,94:86(已结束),0,30.8,0,7,3,5,0,0,0,0,3,1,2,0,0,6,500536
王潼,上海,天津,2019-11-10 19:35,94:86(已结束),0,0.6,0,0,0,0,0,0,0,0,0,0,0,0,0,0,502769
罗汉琛,上海,天津,2019-11-10 19:35,94:86(已结束),0,19.7,0,2,0,3,2,2,0,2,2,2,0,0,1,2,501532
董瀚麟,上海,天津,2019-11-10 19:35,94:86(已结束),0,14.2,0,0,0,3,2,2,2,3,1,0,0,1,5,2,500539
蔡亮,上海,天津,2019-11-10 19:35,94:86(已结束),0,32.6,2,2,1,4,1,1,1,4,1,1,0,2,5,9,500367
詹姆斯-纳纳利,上海,天津,2019-11-10 19:35,94:86(已结束),0,32.4,1,5,5,8,8,8,3,8,2,0,1,3,0,21,100026410
时德帅,天津,上海,2019-11-10 19:35,94:86(已结束),1,27.5,1,3,0,3,1,2,1,3,0,0,0,1,0,4,501763
马尔科-托多罗维奇,天津,上海,2019-11-10 19:35,94:86(已结束),1,34.6,0,1,12,18,2,2,5,15,3,1,1,4,4,26,100025549
孟子凯,天津,上海,2019-11-10 19:35,94:86(已结束),1,18.5,0,2,2,3,1,3,0,6,0,0,0,0,3,5,501762
李荣培,天津,上海,2019-11-10 19:35,94:86(已结束),1,31.1,0,5,1,5,1,2,0,1,4,2,2,0,4,3,501761
金鑫,天津,上海,2019-11-10 19:35,94:86(已结束),0,23.1,0,0,4,5,0,0,3,6,1,0,0,2,3,8,501760
查森-兰德尔,天津,上海,2019-11-10 19:35,94:86(已结束),0,36.8,3,5,5,12,3,4,0,4,2,1,0,4,4,22,100026412
何思雨,天津,上海,2019-11-10 19:35,94:86(已结束),0,1.8,0,1,0,0,0,0,0,0,0,0,0,0,1,0,502630
潘宁,天津,上海,2019-11-10 19:35,94:86(已结束),0,16.9,0,0,0,2,1,2,1,2,1,0,0,1,2,1,501701
刘帅,天津,上海,2019-11-10 19:35,94:86(已结束),0,16.1,0,2,1,1,0,0,0,0,1,1,0,0,1,2,100002564
史仪,天津,上海,2019-11-10 19:35,94:86(已结束),0,12.9,1,3,0,1,2,2,0,1,1,1,0,2,1,5,502748
朱彦西,北京,青岛,2019-11-10 19:35,115:104(已结束),1,34.5,4,8,1,1,1,2,2,4,0,2,0,0,2,15,501234
加尼尤,北京,青岛,2019-11-10 19:35,115:104(已结束),1,9.3,0,0,3,5,1,2,1,2,0,0,1,0,4,7,502650
翟晓川,北京,青岛,2019-11-10 19:35,115:104(已结束),1,35.0,2,5,3,7,2,2,1,7,1,1,0,0,4,14,501346
方硕,北京,青岛,2019-11-10 19:35,115:104(已结束),1,25.1,1,5,0,2,0,0,2,4,8,0,0,1,3,3,500519
林书豪,北京,青岛,2019-11-10 19:35,115:104(已结束),1,38.5,0,3,8,17,11,13,2,7,6,1,0,5,4,27,100026408
贾斯丁-汉密尔顿,北京,青岛,2019-11-10 19:35,115:104(已结束),0,33.5,0,2,5,8,9,9,2,6,3,1,1,0,4,19,504139
刘晓宇,北京,青岛,2019-11-10 19:35,115:104(已结束),0,27.4,3,4,3,6,1,1,0,2,1,1,0,2,3,16,100006
常林,北京,青岛,2019-11-10 19:35,115:104(已结束),0,11.5,0,0,2,2,0,0,1,4,1,1,0,1,2,4,400102
张才仁,北京,青岛,2019-11-10 19:35,115:104(已结束),0,6.8,0,0,2,2,1,1,0,1,1,0,0,0,0,5,501976
王骁辉,北京,青岛,2019-11-10 19:35,115:104(已结束),0,18.3,1,3,1,1,0,0,1,3,2,0,1,1,1,5,500517
刘传兴,青岛,北京,2019-11-10 19:35,115:104(已结束),1,15.4,0,0,2,2,1,2,2,5,1,0,2,0,2,5,100013553
翟逸,青岛,北京,2019-11-10 19:35,115:104(已结束),1,15.9,0,1,1,3,0,0,1,1,2,0,0,1,1,2,501470
赵泰隆,青岛,北京,2019-11-10 19:35,115:104(已结束),1,34.7,1,7,5,7,1,3,0,2,0,0,0,0,4,14,500382
王庆明,青岛,北京,2019-11-10 19:35,115:104(已结束),1,33.9,5,8,1,2,3,4,0,4,0,0,0,0,3,20,501485
达柳斯·亚当斯,青岛,北京,2019-11-10 19:35,115:104(已结束),1,41.8,1,9,7,13,8,10,1,7,5,4,1,5,3,25,503547
焦海龙,青岛,北京,2019-11-10 19:35,115:104(已结束),0,16.5,1,2,0,1,2,2,1,1,0,1,0,1,5,5,502668
达卡里-约翰逊,青岛,北京,2019-11-10 19:35,115:104(已结束),0,30.2,0,0,7,10,3,5,3,13,3,1,0,4,4,17,100014112
林韦翰,青岛,北京,2019-11-10 19:35,115:104(已结束),0,9.1,0,0,2,3,0,0,0,1,0,0,0,0,1,4,100024774
赵大鹏,青岛,北京,2019-11-10 19:35,115:104(已结束),0,12.1,0,1,1,2,0,0,2,3,1,1,0,0,1,2,501180
张骋宇,青岛,北京,2019-11-10 19:35,115:104(已结束),0,30.5,2,3,2,7,0,0,0,3,0,0,1,0,0,10,500660
沈梓捷,深圳,北控,2019-11-10 19:35,87:94(已结束),1,30.3,0,0,3,9,2,4,0,3,0,0,0,1,3,8,501674
卢艺文,深圳,北控,2019-11-10 19:35,87:94(已结束),1,24.6,0,2,0,2,0,2,0,1,2,0,0,0,1,0,501672
顾全,深圳,北控,2019-11-10 19:35,87:94(已结束),1,23.6,2,3,0,2,0,1,0,4,0,0,1,2,3,6,501176
德怀特-拜克斯,深圳,北控,2019-11-10 19:35,87:94(已结束),1,34.0,1,3,5,12,2,2,0,1,6,1,0,6,5,15,504885
白昊天,深圳,北控,2019-11-10 19:35,87:94(已结束),1,13.9,0,0,1,2,1,2,0,1,1,0,0,0,4,3,502845
贺希宁,深圳,北控,2019-11-10 19:35,87:94(已结束),0,25.3,0,1,6,9,3,5,1,5,0,2,0,1,2,15,501994
何忠勉,深圳,北控,2019-11-10 19:35,87:94(已结束),0,4.0,0,1,0,0,0,0,0,0,0,2,0,0,0,0,500665
李慕豪,深圳,北控,2019-11-10 19:35,87:94(已结束),0,27.3,0,0,5,6,4,7,3,11,2,0,3,1,4,14,501178
沙巴兹-穆罕穆德,深圳,北控,2019-11-10 19:35,87:94(已结束),0,32.3,2,3,3,10,5,8,2,9,2,0,0,2,1,17,100014197
孟铎,深圳,北控,2019-11-10 19:35,87:94(已结束),0,10.2,0,0,0,0,1,2,0,2,0,1,0,3,2,1,100111
杨林祎,深圳,北控,2019-11-10 19:35,87:94(已结束),0,11.3,2,4,1,1,0,0,0,2,0,0,0,0,1,8,504102
韩驭丰,深圳,北控,2019-11-10 19:35,87:94(已结束),0,3.1,0,1,0,0,0,0,0,0,0,1,0,1,0,0,502848
桑尼,北控,深圳,2019-11-10 19:35,87:94(已结束),1,29.0,1,2,7,15,0,1,5,16,1,1,1,0,5,17,501255
王少杰,北控,深圳,2019-11-10 19:35,87:94(已结束),1,26.8,0,0,1,4,3,7,1,3,0,0,1,2,5,5,100012401
孙悦,北控,深圳,2019-11-10 19:35,87:94(已结束),1,33.3,1,7,3,6,2,2,1,2,1,0,0,0,2,11,101492
王子瑞,北控,深圳,2019-11-10 19:35,87:94(已结束),1,37.5,1,4,2,4,1,2,0,0,2,1,2,1,2,8,501301
凯尔-弗格,北控,深圳,2019-11-10 19:35,87:94(已结束),1,42.9,1,4,8,16,6,7,1,9,9,2,1,3,4,25,100002143
高尚,北控,深圳,2019-11-10 19:35,87:94(已结束),0,10.7,1,3,1,2,0,0,1,1,0,1,0,0,2,5,501401
贾森·汤普森,北控,深圳,2019-11-10 19:35,87:94(已结束),0,19.6,0,1,5,10,0,0,2,3,2,1,0,1,4,10,503568
张帆,北控,深圳,2019-11-10 19:35,87:94(已结束),0,10.5,1,1,1,1,0,0,0,0,0,3,0,2,1,5,501781
孙桐林,北控,深圳,2019-11-10 19:35,87:94(已结束),0,25.7,0,0,3,4,2,2,4,10,1,4,1,4,2,8,501177
许梦君,北控,深圳,2019-11-10 19:35,87:94(已结束),0,4.1,0,0,0,1,0,2,0,1,0,0,0,0,1,0,502697
柳伟,江苏,四川,2019-11-10 20:00,117:101(已结束),1,25.8,0,2,3,4,0,0,0,3,3,1,0,1,6,6,100164
易立,江苏,四川,2019-11-10 20:00,117:101(已结束),1,28.4,0,1,1,2,3,4,0,3,1,1,0,0,2,5,100019
黄荣奇,江苏,四川,2019-11-10 20:00,117:101(已结束),1,23.4,1,2,2,3,2,2,1,3,3,0,0,1,5,9,502861
史鸿飞,江苏,四川,2019-11-10 20:00,117:101(已结束),1,39.1,3,4,0,1,2,2,0,2,5,0,0,1,1,11,501345
赵率舟,江苏,四川,2019-11-10 20:00,117:101(已结束),0,2.7,0,0,0,0,0,0,0,1,0,0,0,0,1,0,501737
安东尼奥-布莱克尼,江苏,四川,2019-11-10 20:00,117:101(已结束),0,33.6,3,6,7,13,3,5,0,5,5,1,0,3,1,26,100026409
侯逸凡,江苏,四川,2019-11-10 20:00,117:101(已结束),0,10.6,0,0,0,0,0,0,0,1,0,0,1,0,1,0,504101
王洪,江苏,四川,2019-11-10 20:00,117:101(已结束),0,8.9,0,0,0,0,0,0,1,2,1,0,0,1,5,0,503544
吴冠希,江苏,四川,2019-11-10 20:00,117:101(已结束),0,32.7,0,0,6,9,7,8,2,8,3,0,0,5,4,19,501882
袁振梁,四川,江苏,2019-11-10 20:00,117:101(已结束),1,4.0,0,0,0,0,0,0,0,0,0,0,0,0,2,0,503341
李原宇,四川,江苏,2019-11-10 20:00,117:101(已结束),1,42.8,1,6,0,7,7,10,4,9,2,3,0,3,5,10,501166
左朕年,四川,江苏,2019-11-10 20:00,117:101(已结束),1,24.8,1,3,2,5,1,2,0,1,1,2,0,0,5,8,502024
考特尼·福特森,四川,江苏,2019-11-10 20:00,117:101(已结束),1,39.9,7,9,5,10,13,16,0,3,11,1,0,4,4,44,503548
胡林森,四川,江苏,2019-11-10 20:00,117:101(已结束),1,21.8,1,5,0,1,0,0,0,0,1,0,0,0,0,3,502860
陈辰,四川,江苏,2019-11-10 20:00,117:101(已结束),0,8.7,0,4,0,0,0,0,1,1,0,0,0,0,1,0,502296
于刚,四川,江苏,2019-11-10 20:00,117:101(已结束),0,8.0,0,0,0,0,0,0,0,2,0,0,0,0,2,0,501021
孟达,四川,江苏,2019-11-10 20:00,117:101(已结束),0,27.1,3,7,2,2,2,2,0,0,0,2,0,1,1,15,100026
托马斯-罗宾逊,四川,江苏,2019-11-10 20:00,117:101(已结束),0,32.1,0,0,9,14,3,6,4,9,0,1,0,1,3,21,100016394
李柯七,四川,江苏,2019-11-10 20:00,117:101(已结束),0,27.2,0,2,0,0,0,0,0,2,1,1,0,0,1,0,502004
侯天一,四川,江苏,2019-11-10 20:00,117:101(已结束),0,3.6,0,0,0,0,0,0,0,0,0,0,0,0,0,0,502010
贾诚,山东,天津,2019-11-12 19:35,96:82(已结束),1,30.0,1,2,4,5,5,6,8,14,2,0,2,4,6,16,501161
陶汉林,山东,天津,2019-11-12 19:35,96:82(已结束),1,33.5,0,0,5,7,2,6,8,15,2,2,2,3,4,12,500684
李敬宇,山东,天津,2019-11-12 19:35,96:82(已结束),1,15.6,0,2,0,1,0,0,1,2,1,0,0,0,1,0,500331
莱斯特·哈德森,山东,天津,2019-11-12 19:35,96:82(已结束),1,41.1,2,15,4,10,7,9,1,6,4,0,0,3,3,21,501217
陈培东,山东,天津,2019-11-12 19:35,96:82(已结束),1,35.5,2,5,5,7,1,1,0,2,2,2,0,1,4,17,502890
孙贺男,山东,天津,2019-11-12 19:35,96:82(已结束),0,9.8,0,1,2,3,2,2,1,5,0,0,0,0,0,6,501182
詹姆斯-梅斯,山东,天津,2019-11-12 19:35,96:82(已结束),0,17.9,0,1,0,1,1,4,1,7,3,2,2,2,3,1,100012421
王汝恒,山东,天津,2019-11-12 19:35,96:82(已结束),0,30.9,3,6,1,3,2,2,0,1,2,4,0,0,2,13,501163
朱荣振,山东,天津,2019-11-12 19:35,96:82(已结束),0,1.9,0,0,0,0,2,2,0,1,0,0,0,0,0,2,504067
张辉,山东,天津,2019-11-12 19:35,96:82(已结束),0,1.9,0,0,0,0,0,0,0,0,0,0,0,0,0,0,501709
田嘉夫,山东,天津,2019-11-12 19:35,96:82(已结束),0,12.7,2,3,1,1,0,0,0,1,0,0,0,0,2,8,501382
张庆鹏,山东,天津,2019-11-12 19:35,96:82(已结束),0,9.3,0,2,0,0,0,0,1,2,1,0,0,0,2,0,100126
时德帅,天津,山东,2019-11-12 19:35,96:82(已结束),1,31.1,0,2,6,10,6,7,5,11,1,0,0,1,5,18,501763
马尔科-托多罗维奇,天津,山东,2019-11-12 19:35,96:82(已结束),1,23.7,0,0,3,10,7,7,4,12,1,0,0,4,1,13,100025549
孟子凯,天津,山东,2019-11-12 19:35,96:82(已结束),1,13.9,0,1,0,1,0,2,1,1,0,1,0,0,1,0,501762
李荣培,天津,山东,2019-11-12 19:35,96:82(已结束),1,36.2,2,6,2,7,0,0,1,4,2,1,1,1,2,10,501761
史仪,天津,山东,2019-11-12 19:35,96:82(已结束),1,16.0,0,0,1,2,0,0,0,0,1,1,0,1,4,2,502748
何思雨,天津,山东,2019-11-12 19:35,96:82(已结束),0,14.6,0,1,1,2,0,0,0,1,0,1,0,1,6,2,502630
潘宁,天津,山东,2019-11-12 19:35,96:82(已结束),0,26.4,1,3,1,1,1,4,0,3,0,1,2,1,0,6,501701
金鑫,天津,山东,2019-11-12 19:35,96:82(已结束),0,2.8,0,0,0,1,0,0,0,0,0,0,0,0,1,0,501760
刘帅,天津,山东,2019-11-12 19:35,96:82(已结束),0,25.1,0,0,2,3,1,2,2,3,1,1,0,0,1,5,100002564
查森-兰德尔,天津,山东,2019-11-12 19:35,96:82(已结束),0,37.4,3,6,4,15,7,7,0,1,4,3,1,3,3,24,100026412
韩德君,辽宁,同曦,2019-11-12 19:35,126:107(已结束),1,27.2,0,0,6,6,5,5,3,5,2,0,0,1,2,17,500345
李晓旭,辽宁,同曦,2019-11-12 19:35,126:107(已结束),1,23.9,0,0,2,6,0,0,1,7,0,1,0,0,2,4,100130
郭艾伦,辽宁,同曦,2019-11-12 19:35,126:107(已结束),1,33.8,0,3,12,13,7,8,0,7,5,2,0,2,4,31,501070
赵继伟,辽宁,同曦,2019-11-12 19:35,126:107(已结束),1,28.9,0,4,1,3,2,4,0,2,1,2,0,0,3,4,501736
兰斯-史蒂芬森,辽宁,同曦,2019-11-12 19:35,126:107(已结束),1,40.0,2,5,8,13,8,10,2,10,7,0,0,4,3,30,100000374
郭旭,辽宁,同曦,2019-11-12 19:35,126:107(已结束),0,1.8,0,1,0,0,0,0,0,0,1,0,0,0,0,0,501727
布兰登-巴斯,辽宁,同曦,2019-11-12 19:35,126:107(已结束),0,31.4,0,0,11,18,3,5,1,2,3,1,1,2,0,25,504142
刘志轩,辽宁,同曦,2019-11-12 19:35,126:107(已结束),0,17.2,0,1,0,0,0,2,0,2,2,3,1,0,0,0,501170
贺天举,辽宁,同曦,2019-11-12 19:35,126:107(已结束),0,13.4,4,5,0,0,0,0,0,2,2,0,0,0,0,12,500678
高诗岩,辽宁,同曦,2019-11-12 19:35,126:107(已结束),0,22.6,1,2,0,1,0,0,1,3,1,0,1,2,2,3,501726
宋建骅,同曦,辽宁,2019-11-12 19:35,126:107(已结束),1,20.7,1,3,0,0,0,0,1,2,1,1,0,0,6,3,501380
郭一飞,同曦,辽宁,2019-11-12 19:35,126:107(已结束),1,28.1,0,1,2,2,1,1,0,1,0,1,0,0,4,5,501477
王睿,同曦,辽宁,2019-11-12 19:35,126:107(已结束),1,6.3,0,1,0,2,0,0,0,0,0,0,0,0,1,0,502873
贝南-雅克查理,同曦,辽宁,2019-11-12 19:35,126:107(已结束),1,33.6,3,10,6,7,4,5,0,4,4,2,0,0,1,25,100001018
约瑟夫-杨,同曦,辽宁,2019-11-12 19:35,126:107(已结束),1,39.2,2,7,15,22,4,4,0,4,3,1,0,3,1,40,100014107
孙思尧,同曦,辽宁,2019-11-12 19:35,126:107(已结束),0,20.3,0,2,1,1,0,0,0,5,0,0,0,0,1,2,100024770
买尔丹·吐尔逊,同曦,辽宁,2019-11-12 19:35,126:107(已结束),0,9.6,0,0,0,0,0,0,1,2,0,0,0,0,2,0,500516
哈达迪,同曦,辽宁,2019-11-12 19:35,126:107(已结束),0,31.8,0,2,7,11,2,2,2,13,3,2,2,3,6,16,501880
冯欣,同曦,辽宁,2019-11-12 19:35,126:107(已结束),0,11.6,1,1,0,0,0,0,0,0,0,0,0,1,2,3,501031
卢伟,同曦,辽宁,2019-11-12 19:35,126:107(已结束),0,9.4,1,1,1,3,0,0,0,0,0,1,0,0,2,5,100128
何敬佳,同曦,辽宁,2019-11-12 19:35,126:107(已结束),0,20.6,0,0,4,4,0,0,1,2,1,2,0,4,1,8,501980
于长春,同曦,辽宁,2019-11-12 19:35,126:107(已结束),0,8.9,0,2,0,1,0,0,0,0,0,0,0,0,0,0,500701
葛昭宝,山西,上海,2019-11-12 19:35,106:87(已结束),1,22.5,0,1,1,2,4,4,2,4,3,1,0,1,5,6,501322
任骏威,山西,上海,2019-11-12 19:35,106:87(已结束),1,40.1,3,6,4,10,2,2,1,5,2,1,0,1,1,19,501167
刘冠岑,山西,上海,2019-11-12 19:35,106:87(已结束),1,40.0,1,7,3,4,0,0,3,6,1,3,0,2,1,9,501697
原帅,山西,上海,2019-11-12 19:35,106:87(已结束),1,45.8,6,11,1,1,0,0,0,0,2,2,0,1,1,20,501459
张泽龙,山西,上海,2019-11-12 19:35,106:87(已结束),0,1.3,0,0,0,0,0,0,0,0,0,0,0,0,0,0,501680
邢志强,山西,上海,2019-11-12 19:35,106:87(已结束),0,1.9,0,1,0,0,0,0,0,0,0,0,1,0,0,0,501319
埃里克-莫兰德,山西,上海,2019-11-12 19:35,106:87(已结束),0,22.8,0,0,4,4,0,0,2,11,3,0,1,3,4,8,100027021
郭晓鹏,山西,上海,2019-11-12 19:35,106:87(已结束),0,10.5,1,1,0,4,1,2,1,1,1,0,0,0,1,4,501668
田桂森,山西,上海,2019-11-12 19:35,106:87(已结束),0,6.2,0,1,0,1,0,0,0,2,1,0,0,1,0,0,501320
闫鹏飞,山西,上海,2019-11-12 19:35,106:87(已结束),0,6.8,0,0,2,3,0,0,1,3,0,0,0,2,3,4,501318
多纳塔斯-莫泰尤纳斯,上海,山西,2019-11-12 19:35,106:87(已结束),1,38.1,0,3,7,11,1,3,1,15,8,0,0,6,2,15,100002150
张春军,上海,山西,2019-11-12 19:35,106:87(已结束),1,3.6,0,2,1,1,0,0,1,1,0,0,0,0,2,2,501156
鞠明欣,上海,山西,2019-11-12 19:35,106:87(已结束),1,21.4,1,3,2,4,0,0,1,2,2,2,0,2,5,7,501398
罗旭东,上海,山西,2019-11-12 19:35,106:87(已结束),1,42.2,0,2,3,5,4,4,0,3,6,1,0,2,2,10,100072
施宇晨,上海,山西,2019-11-12 19:35,106:87(已结束),1,16.5,0,1,1,2,0,0,0,0,0,0,0,1,3,2,502764
蔡亮,上海,山西,2019-11-12 19:35,106:87(已结束),0,26.5,1,3,2,3,0,0,0,2,1,0,0,1,3,7,500367
李根,上海,山西,2019-11-12 19:35,106:87(已结束),0,11.1,0,0,1,1,0,0,0,0,0,0,0,0,2,2,500536
詹姆斯-纳纳利,上海,山西,2019-11-12 19:35,106:87(已结束),0,32.6,2,4,6,11,3,4,0,3,4,2,0,1,0,21,100026410
罗汉琛,上海,山西,2019-11-12 19:35,106:87(已结束),0,12.8,0,3,0,0,0,0,0,3,2,0,0,0,0,0,501532
董瀚麟,上海,山西,2019-11-12 19:35,106:87(已结束),0,29.0,0,0,9,11,1,4,3,6,0,4,1,1,4,19,500539
王潼,上海,山西,2019-11-12 19:35,106:87(已结束),0,6.1,0,0,1,3,0,0,0,1,0,1,0,0,1,2,502769
刘传兴,青岛,广州,2019-11-12 19:35,115:100(已结束),1,2.8,0,0,1,2,0,0,1,1,0,1,0,0,0,2,100013553
翟逸,青岛,广州,2019-11-12 19:35,115:100(已结束),1,21.0,0,1,3,5,0,2,0,1,1,2,0,1,2,6,501470
赵泰隆,青岛,广州,2019-11-12 19:35,115:100(已结束),1,16.9,0,3,0,0,0,0,1,1,0,0,0,1,2,0,500382
王庆明,青岛,广州,2019-11-12 19:35,115:100(已结束),1,14.9,0,0,0,1,0,0,0,1,0,0,0,0,5,0,501485
达柳斯·亚当斯,青岛,广州,2019-11-12 19:35,115:100(已结束),1,39.0,2,8,12,17,15,18,4,12,7,3,0,5,1,45,503547
张骋宇,青岛,广州,2019-11-12 19:35,115:100(已结束),0,30.8,3,7,5,10,0,0,1,3,0,0,0,1,1,19,500660
赵大鹏,青岛,广州,2019-11-12 19:35,115:100(已结束),0,5.3,0,1,0,0,0,0,0,1,1,1,0,1,0,0,501180
达卡里-约翰逊,青岛,广州,2019-11-12 19:35,115:100(已结束),0,33.0,0,0,6,11,5,6,4,16,5,1,2,3,2,17,100014112
林韦翰,青岛,广州,2019-11-12 19:35,115:100(已结束),0,11.9,0,1,0,1,0,0,0,2,0,1,0,1,2,0,100024774
赵戌宏,青岛,广州,2019-11-12 19:35,115:100(已结束),0,12.2,0,0,1,2,2,2,1,3,1,0,1,0,2,4,502745
焦海龙,青岛,广州,2019-11-12 19:35,115:100(已结束),0,33.2,1,4,3,5,2,2,2,7,1,0,1,2,4,11,502668
杨金蒙,青岛,广州,2019-11-12 19:35,115:100(已结束),0,19.2,3,4,1,2,0,0,1,2,1,1,0,0,2,11,501399
郑准,广州,青岛,2019-11-12 19:35,115:100(已结束),1,18.1,3,8,0,1,2,2,1,2,0,0,0,1,3,11,500509
安德鲁-尼克尔森,广州,青岛,2019-11-12 19:35,115:100(已结束),1,41.0,3,5,8,13,4,6,5,15,0,0,2,2,0,29,100002140
司坤,广州,青岛,2019-11-12 19:35,115:100(已结束),1,22.1,2,2,2,3,4,4,2,3,0,2,0,1,0,14,501746
陈盈骏,广州,青岛,2019-11-12 19:35,115:100(已结束),1,27.3,0,3,4,8,0,0,2,4,4,0,0,4,4,8,504143
马库斯-亨特,广州,青岛,2019-11-12 19:35,115:100(已结束),1,28.6,0,3,7,15,2,2,2,7,3,2,0,3,4,16,100028978
田宇恒,广州,青岛,2019-11-12 19:35,115:100(已结束),0,12.0,0,1,2,4,0,2,0,0,0,0,0,2,2,4,502739
姚天一,广州,青岛,2019-11-12 19:35,115:100(已结束),0,24.8,1,4,0,0,0,0,1,3,1,2,0,1,4,3,501979
孙鸣阳,广州,青岛,2019-11-12 19:35,115:100(已结束),0,15.3,1,3,0,2,0,0,0,4,1,1,0,0,4,3,501403
衡艺丰,广州,青岛,2019-11-12 19:35,115:100(已结束),0,14.5,0,2,2,4,0,0,0,1,2,1,0,0,1,4,501711
张永鹏,广州,青岛,2019-11-12 19:35,115:100(已结束),0,16.9,0,0,0,3,2,2,0,2,0,0,0,0,3,2,500352
刘丰搏,广州,青岛,2019-11-12 19:35,115:100(已结束),0,19.5,2,5,0,2,0,0,0,1,1,0,0,0,2,6,501874
