TEAM_NAME,G_ON_MADE,PLAYER_NAME,FREQUENCY_ON_MADE,PASS_ON_MADE,AST_ON_MADE,FGM_ON_MADE,FGA_ON_MADE,FG_PCT_ON_MADE,FG2M_ON_MADE,FG2A_ON_MADE,FG2_PCT_ON_MADE,FG3M_ON_MADE,FG3A_ON_MADE,FG3_PCT_ON_MADE,G_ON_RECEIVED,FREQUENCY_ON_RECEIVED,PASS_ON_RECEIVED,AST_ON_RECEIVED,FGM_ON_RECEIVED,FGA_ON_RECEIVED,FG_PCT_ON_RECEIVED,FG2M_ON_RECEIVED,FG2A_ON_RECEIVED,FG2_PCT_ON_RECEIVED,FG3M_ON_RECEIVED,FG3A_ON_RECEIVED,FG3_PCT_ON_RECEIVED
Atlanta Hawks,4.0,"Young, Trae",0.136,46.0,7.25,8.0,17.75,0.451,6.75,12.0,0.563,1.25,5.75,0.217,4.0,0.195,66.0,2.5,8.0,17.25,0.464,4.75,10.0,0.475,3.25,7.25,0.448
Atlanta Hawks,5.0,"Collins, John",0.169,45.6,1.6,3.4,8.2,0.415,3.2,6.0,0.533,0.2,2.2,0.091,5.0,0.117,31.6,4.4,5.0,11.4,0.439,3.2,7.6,0.421,1.8,3.8,0.474
Atlanta Hawks,5.0,"Bembry, DeAndre'",0.104,28.0,3.6,3.8,11.4,0.333,2.2,5.0,0.44,1.6,6.4,0.25,5.0,0.109,29.4,2.2,3.4,7.0,0.486,3.2,6.2,0.516,0.2,0.8,0.25
Atlanta Hawks,5.0,"Parker, Jabari",0.104,28.0,1.0,2.0,4.8,0.417,1.6,3.8,0.421,0.4,1.0,0.4,5.0,0.078,21.2,4.4,4.8,9.6,0.5,3.4,6.0,0.567,1.4,3.6,0.389
Atlanta Hawks,5.0,"Reddish, Cam",0.087,23.4,2.2,2.8,7.2,0.389,2.2,4.6,0.478,0.6,2.6,0.231,5.0,0.098,26.6,1.4,1.6,8.2,0.195,1.4,5.0,0.28,0.2,3.2,0.063
Atlanta Hawks,5.0,"Huerter, Kevin",0.078,21.0,2.8,3.4,9.2,0.37,2.0,4.8,0.417,1.4,4.4,0.318,5.0,0.091,24.6,1.4,2.0,5.6,0.357,1.0,2.0,0.5,1.0,3.6,0.278
Atlanta Hawks,5.0,"Hunter, De'Andre",0.077,20.8,1.0,3.2,7.8,0.41,2.2,5.0,0.44,1.0,2.8,0.357,5.0,0.089,24.2,1.8,3.0,8.2,0.366,2.2,5.0,0.44,0.8,3.2,0.25
Atlanta Hawks,5.0,"Len, Alex",0.073,19.8,1.6,1.8,4.8,0.375,1.0,3.0,0.333,0.8,1.8,0.444,5.0,0.058,15.6,1.2,1.2,5.0,0.24,0.8,2.4,0.333,0.4,2.6,0.154
Atlanta Hawks,3.0,"Turner, Evan",0.044,19.67,2.33,2.33,6.0,0.389,2.0,4.33,0.462,0.33,1.67,0.2,3.0,0.047,21.0,0.67,1.33,3.0,0.444,1.33,2.67,0.5,0.0,0.33,0.0
Atlanta Hawks,2.0,"Wallace, Tyrone",0.026,17.5,2.0,2.5,5.0,0.5,1.5,3.5,0.429,1.0,1.5,0.667,2.0,0.032,21.5,2.0,3.5,6.0,0.583,3.5,5.5,0.636,0.0,0.5,0.0
Atlanta Hawks,5.0,"Fernando, Bruno",0.05,13.4,1.2,1.8,3.0,0.6,1.0,1.4,0.714,0.8,1.6,0.5,5.0,0.037,10.0,1.6,1.6,3.6,0.444,1.2,2.6,0.462,0.4,1.0,0.4
Atlanta Hawks,5.0,"Carter, Vince",0.036,9.8,0.6,1.4,4.2,0.333,0.6,2.2,0.273,0.8,2.0,0.4,5.0,0.036,9.8,1.0,1.2,4.2,0.286,1.0,1.2,0.833,0.2,3.0,0.067
Atlanta Hawks,4.0,"Jones, Damian",0.018,6.25,0.0,1.25,2.25,0.556,1.25,2.0,0.625,0.0,0.25,0.0,4.0,0.013,4.25,1.25,1.25,1.75,0.714,1.0,1.5,0.667,0.25,0.25,1.0
Boston Celtics,5.0,"Walker, Kemba",0.188,53.4,3.6,5.0,17.4,0.287,2.6,10.8,0.241,2.4,6.6,0.364,5.0,0.238,67.8,2.0,7.0,19.6,0.357,3.8,10.6,0.358,3.2,9.0,0.356
Boston Celtics,5.0,"Hayward, Gordon",0.16,45.4,3.6,5.2,14.0,0.371,3.0,7.2,0.417,2.2,6.8,0.324,5.0,0.144,41.0,4.4,5.4,12.4,0.435,3.4,8.8,0.386,2.0,3.6,0.556
Boston Celtics,5.0,"Tatum, Jayson",0.148,42.2,2.2,3.8,10.4,0.365,2.8,5.8,0.483,1.0,4.6,0.217,5.0,0.136,38.6,5.0,6.8,17.4,0.391,3.4,10.6,0.321,3.4,6.8,0.5
Boston Celtics,5.0,"Smart, Marcus",0.142,40.4,4.8,6.4,16.0,0.4,4.4,10.6,0.415,2.0,5.4,0.37,5.0,0.152,43.2,1.6,3.6,10.0,0.36,1.4,3.2,0.438,2.2,6.8,0.324
Boston Celtics,3.0,"Brown, Jaylen",0.068,32.33,2.0,4.33,11.67,0.371,2.67,5.33,0.5,1.67,6.33,0.263,3.0,0.069,32.67,3.67,5.67,13.33,0.425,4.33,8.67,0.5,1.33,4.67,0.286
Boston Celtics,4.0,"Theis, Daniel",0.051,18.25,0.75,1.25,4.75,0.263,0.5,2.5,0.2,0.75,2.25,0.333,4.0,0.049,17.5,1.75,1.75,4.5,0.389,1.5,3.25,0.462,0.25,1.25,0.2
Boston Celtics,5.0,"Williams, Grant",0.058,16.6,1.2,2.2,5.6,0.393,1.6,4.0,0.4,0.6,1.6,0.375,5.0,0.05,14.2,1.4,1.4,4.4,0.318,1.4,2.8,0.5,0.0,1.6,0.0
Boston Celtics,4.0,"Edwards, Carsen",0.034,12.0,1.0,1.5,3.0,0.5,0.5,1.25,0.4,1.0,1.75,0.571,4.0,0.041,14.75,0.5,1.0,5.5,0.182,0.5,2.25,0.222,0.5,3.25,0.154
Boston Celtics,5.0,"Ojeleye, Semi",0.041,11.6,0.4,0.8,1.6,0.5,0.2,0.6,0.333,0.6,1.0,0.6,5.0,0.02,5.8,0.4,0.4,1.8,0.222,0.4,1.0,0.4,0.0,0.8,0.0
Boston Celtics,5.0,"Wanamaker, Brad",0.039,11.0,1.2,1.6,3.4,0.471,1.4,2.4,0.583,0.2,1.0,0.2,5.0,0.035,10.0,0.4,0.4,1.4,0.286,0.4,1.2,0.333,0.0,0.2,0.0
Cleveland Cavaliers,6.0,"Love, Kevin",0.176,51.33,4.33,7.0,15.33,0.457,5.33,11.5,0.464,1.67,3.83,0.435,6.0,0.135,39.33,4.0,6.0,13.0,0.462,3.17,6.17,0.514,2.83,6.83,0.415
Cleveland Cavaliers,6.0,"Thompson, Tristan",0.131,38.17,2.5,4.83,10.83,0.446,3.17,6.83,0.463,1.67,4.0,0.417,6.0,0.107,31.33,4.83,6.0,12.33,0.486,5.83,12.0,0.486,0.17,0.33,0.5
Cleveland Cavaliers,6.0,"Sexton, Collin",0.122,35.67,2.0,2.83,8.67,0.327,2.0,5.83,0.343,0.83,2.83,0.294,6.0,0.16,46.5,3.0,5.83,14.83,0.393,4.17,10.17,0.41,1.67,4.67,0.357
Cleveland Cavaliers,6.0,"Garland, Darius",0.122,35.5,3.67,5.0,10.5,0.476,2.83,5.83,0.486,2.17,4.67,0.464,6.0,0.158,46.17,1.17,3.17,10.17,0.311,2.0,6.33,0.316,1.17,3.83,0.304
Cleveland Cavaliers,4.0,"Dellavedova, Matthew",0.078,34.25,2.5,3.75,11.5,0.326,2.75,7.0,0.393,1.0,4.5,0.222,4.0,0.086,37.75,0.0,1.0,4.25,0.235,1.0,1.5,0.667,0.0,2.75,0.0
Cleveland Cavaliers,6.0,"Nance Jr., Larry",0.115,33.67,1.33,2.5,8.33,0.3,1.33,4.5,0.296,1.17,3.83,0.304,6.0,0.091,26.67,3.17,3.17,7.5,0.422,2.17,4.17,0.52,1.0,3.33,0.3
Cleveland Cavaliers,6.0,"Clarkson, Jordan",0.086,25.17,2.5,3.0,8.5,0.353,1.83,4.0,0.458,1.17,4.5,0.259,6.0,0.107,31.17,1.83,4.67,11.0,0.424,2.83,5.67,0.5,1.83,5.33,0.344
Cleveland Cavaliers,6.0,"Osman, Cedi",0.084,24.5,1.5,3.67,8.83,0.415,2.83,5.67,0.5,0.83,3.17,0.263,6.0,0.07,20.5,2.67,3.17,7.33,0.432,1.0,2.83,0.353,2.17,4.5,0.481
Cleveland Cavaliers,2.0,"Knight, Brandon",0.023,20.5,3.0,4.0,9.0,0.444,1.0,3.5,0.286,3.0,5.5,0.545,2.0,0.031,27.0,1.0,1.5,5.5,0.273,0.0,1.0,0.0,1.5,4.5,0.333
Cleveland Cavaliers,6.0,"Porter Jr., Kevin",0.051,15.0,1.33,1.67,4.67,0.357,1.17,2.5,0.467,0.5,2.17,0.231,6.0,0.049,14.33,0.83,1.17,5.5,0.212,0.83,3.67,0.227,0.33,1.83,0.182
Cleveland Cavaliers,1.0,"Henson, John",0.004,7.0,0.0,1.0,2.0,0.5,1.0,1.0,1.0,0.0,1.0,0.0,1.0,0.002,4.0,0.0,1.0,2.0,0.5,1.0,1.0,1.0,0.0,1.0,0.0
New Orleans Pelicans,6.0,"Ball, Lonzo",0.181,58.67,7.17,8.5,19.33,0.44,5.5,11.33,0.485,3.0,8.0,0.375,6.0,0.178,57.83,3.17,3.83,10.5,0.365,1.5,4.5,0.333,2.33,6.0,0.389
New Orleans Pelicans,4.0,"Holiday, Jrue",0.116,56.5,7.0,9.0,19.75,0.456,5.5,11.5,0.478,3.5,8.25,0.424,4.0,0.127,62.0,3.0,5.25,14.75,0.356,3.25,9.0,0.361,2.0,5.75,0.348
New Orleans Pelicans,6.0,"Ingram, Brandon",0.117,38.0,4.17,4.83,10.0,0.483,2.67,5.5,0.485,2.17,4.5,0.481,6.0,0.13,42.17,5.0,8.0,16.17,0.495,5.33,10.83,0.492,2.67,5.33,0.5
New Orleans Pelicans,3.0,"Favors, Derrick",0.053,34.67,2.0,5.0,10.33,0.484,3.33,6.67,0.5,1.67,3.67,0.455,3.0,0.038,24.33,3.67,4.0,6.0,0.667,4.0,5.67,0.706,0.0,0.33,0.0
New Orleans Pelicans,6.0,"Hart, Josh",0.095,30.83,1.17,1.67,6.17,0.27,0.67,2.17,0.308,1.0,4.0,0.25,6.0,0.078,25.17,3.0,3.67,9.5,0.386,1.33,3.5,0.381,2.33,6.0,0.389
New Orleans Pelicans,6.0,"Williams, Kenrich",0.085,27.5,1.83,2.33,6.83,0.341,1.5,3.67,0.409,0.83,3.17,0.263,6.0,0.058,18.83,1.67,1.67,4.17,0.4,0.67,1.0,0.667,1.0,3.17,0.316
New Orleans Pelicans,6.0,"Alexander-Walker, Nickeil",0.074,24.0,3.17,3.67,6.83,0.537,2.5,3.83,0.652,1.17,3.0,0.389,6.0,0.079,25.67,0.83,1.83,7.17,0.256,1.0,4.0,0.25,0.83,3.17,0.263
New Orleans Pelicans,6.0,"Melli, Nicolo",0.066,21.33,1.17,2.17,6.33,0.342,0.67,2.67,0.25,1.5,3.67,0.409,6.0,0.064,20.83,1.67,2.33,4.17,0.56,1.5,2.0,0.75,0.83,2.17,0.385
New Orleans Pelicans,6.0,"Jackson, Frank",0.063,20.5,1.5,2.33,6.17,0.378,1.67,4.0,0.417,0.67,2.17,0.308,6.0,0.074,24.0,2.5,3.67,9.33,0.393,2.17,5.17,0.419,1.5,4.17,0.36
New Orleans Pelicans,1.0,"Moore, E'Twaun",0.008,16.0,2.0,2.0,4.0,0.5,2.0,3.0,0.667,0.0,1.0,0.0,1.0,0.01,19.0,1.0,2.0,6.0,0.333,1.0,3.0,0.333,1.0,3.0,0.333
New Orleans Pelicans,6.0,"Redick, JJ",0.048,15.5,1.67,2.33,5.33,0.438,1.67,3.0,0.556,0.67,2.33,0.286,6.0,0.075,24.33,3.0,3.33,8.83,0.377,0.83,2.5,0.333,2.5,6.33,0.395
New Orleans Pelicans,3.0,"Hayes, Jaxson",0.02,13.0,1.33,2.33,3.67,0.636,1.33,2.0,0.667,1.0,1.67,0.6,3.0,0.02,13.0,4.0,4.0,5.67,0.706,4.0,5.33,0.75,0.0,0.33,0.0
Chicago Bulls,7.0,"Satoransky, Tomas",0.166,49.14,5.29,7.71,16.57,0.466,5.14,10.29,0.5,2.57,6.29,0.409,7.0,0.16,47.57,1.14,2.0,5.86,0.341,1.14,3.57,0.32,0.86,2.29,0.375
Chicago Bulls,7.0,"LaVine, Zach",0.116,34.29,3.43,4.14,12.14,0.341,2.86,6.86,0.417,1.29,5.29,0.243,7.0,0.162,48.0,3.57,7.0,17.57,0.398,4.29,10.86,0.395,2.71,6.71,0.404
Chicago Bulls,7.0,"Markkanen, Lauri",0.116,34.29,2.0,3.29,7.57,0.434,2.57,4.71,0.545,0.71,2.86,0.25,7.0,0.096,28.57,3.29,4.29,13.57,0.316,2.71,7.57,0.358,1.57,6.0,0.262
Chicago Bulls,7.0,"Young, Thaddeus",0.115,34.14,1.43,1.86,7.0,0.265,1.29,4.71,0.273,0.57,2.29,0.25,7.0,0.093,27.71,3.43,4.43,9.14,0.484,2.86,5.0,0.571,1.57,4.14,0.379
Chicago Bulls,7.0,"Dunn, Kris",0.112,33.14,3.0,4.86,12.29,0.395,3.43,7.29,0.471,1.43,5.0,0.286,7.0,0.103,30.57,1.14,1.57,5.14,0.306,1.57,3.57,0.44,0.0,1.57,0.0
Chicago Bulls,7.0,"Carter Jr., Wendell",0.104,30.71,0.86,2.0,8.14,0.246,1.0,4.86,0.206,1.0,3.29,0.304,7.0,0.082,24.43,3.86,4.29,8.57,0.5,4.14,7.71,0.537,0.14,0.86,0.167
Chicago Bulls,7.0,"White, Coby",0.088,26.0,2.29,3.43,8.43,0.407,2.43,5.57,0.436,1.0,2.86,0.35,7.0,0.109,32.43,1.86,3.71,10.0,0.371,2.57,5.43,0.474,1.14,4.57,0.25
Chicago Bulls,7.0,"Porter Jr., Otto",0.07,20.71,1.71,2.29,5.86,0.39,1.57,3.71,0.423,0.71,2.14,0.333,7.0,0.083,24.57,1.71,2.86,9.57,0.299,1.71,5.57,0.308,1.14,4.0,0.286
Chicago Bulls,7.0,"Arcidiacono, Ryan",0.059,17.43,1.71,2.29,7.14,0.32,1.29,3.57,0.36,1.0,3.57,0.28,7.0,0.055,16.43,1.0,1.14,2.86,0.4,0.14,1.0,0.143,1.0,1.86,0.538
Chicago Bulls,7.0,"Kornet, Luke",0.045,13.29,1.0,1.29,2.14,0.6,0.86,1.29,0.667,0.43,0.86,0.5,7.0,0.044,13.14,1.57,1.71,4.43,0.387,1.14,2.0,0.571,0.57,2.43,0.235
Dallas Mavericks,6.0,"Doncic, Luka",0.247,71.67,9.33,11.0,26.5,0.415,7.67,15.33,0.5,3.33,11.17,0.299,6.0,0.266,77.17,2.0,7.67,17.5,0.438,4.67,9.5,0.491,3.0,8.0,0.375
Dallas Mavericks,6.0,"Porzingis, Kristaps",0.132,38.17,2.17,4.33,8.67,0.5,3.0,5.0,0.6,1.33,3.67,0.364,6.0,0.127,36.67,5.5,6.33,17.33,0.365,3.83,10.83,0.354,2.5,6.5,0.385
Dallas Mavericks,6.0,"Wright, Delon",0.119,34.33,4.17,5.67,13.33,0.425,2.83,6.83,0.415,2.83,6.5,0.436,6.0,0.117,33.83,1.83,3.33,6.0,0.556,2.33,4.33,0.538,1.0,1.67,0.6
Dallas Mavericks,5.0,"Kleber, Maxi",0.098,34.2,1.2,2.4,8.6,0.279,1.6,5.4,0.296,0.8,3.2,0.25,5.0,0.069,24.0,3.2,3.2,8.0,0.4,2.0,3.8,0.526,1.2,4.2,0.286
Dallas Mavericks,6.0,"Brunson, Jalen",0.095,27.5,3.83,4.5,9.33,0.482,2.17,4.67,0.464,2.33,4.67,0.5,6.0,0.105,30.5,1.67,2.5,7.67,0.326,1.5,4.33,0.346,1.0,3.33,0.3
Dallas Mavericks,3.0,"Powell, Dwight",0.043,24.67,0.0,1.0,3.33,0.3,0.67,2.0,0.333,0.33,1.33,0.25,3.0,0.035,20.0,3.0,3.0,6.33,0.474,2.67,5.33,0.5,0.33,1.0,0.333
Dallas Mavericks,6.0,"Finney-Smith, Dorian",0.082,23.67,0.67,1.83,5.83,0.314,1.17,2.83,0.412,0.67,3.0,0.222,6.0,0.075,21.67,2.5,2.67,6.33,0.421,1.67,3.0,0.556,1.0,3.33,0.3
Dallas Mavericks,6.0,"Hardaway Jr., Tim",0.064,18.67,1.5,2.33,5.17,0.452,1.17,2.67,0.438,1.17,2.5,0.467,6.0,0.078,22.67,2.5,3.33,9.17,0.364,1.67,3.67,0.455,1.67,5.5,0.303
Dallas Mavericks,6.0,"Curry, Seth",0.059,17.0,1.83,2.5,5.33,0.469,1.5,3.17,0.474,1.0,2.17,0.462,6.0,0.067,19.33,2.0,3.17,6.5,0.487,1.33,2.5,0.533,1.83,4.0,0.458
Dallas Mavericks,6.0,"Jackson, Justin",0.042,12.17,0.5,1.17,3.0,0.389,0.83,1.67,0.5,0.33,1.33,0.25,5.0,0.039,13.6,2.4,2.4,4.6,0.522,1.6,2.6,0.615,0.8,2.0,0.4
Denver Nuggets,6.0,"Jokic, Nikola",0.241,79.17,5.67,8.0,19.17,0.417,5.83,12.0,0.486,2.17,7.17,0.302,6.0,0.189,62.17,2.83,5.0,11.5,0.435,4.0,8.17,0.49,1.0,3.33,0.3
Denver Nuggets,6.0,"Murray, Jamal",0.183,60.33,3.5,6.33,15.0,0.422,5.0,11.0,0.455,1.33,4.0,0.333,6.0,0.218,71.83,3.0,6.0,14.0,0.429,4.33,9.17,0.473,1.67,4.83,0.345
Denver Nuggets,4.0,"Barton, Will",0.066,32.75,1.75,3.5,9.5,0.368,2.75,6.5,0.423,0.75,3.0,0.25,4.0,0.071,35.0,1.25,3.75,9.5,0.395,2.25,6.25,0.36,1.5,3.25,0.462
Denver Nuggets,6.0,"Morris, Monte",0.096,31.5,2.83,3.33,9.5,0.351,2.5,5.5,0.455,0.83,4.0,0.208,6.0,0.11,36.17,0.83,2.33,7.33,0.318,1.83,6.5,0.282,0.5,0.83,0.6
Denver Nuggets,6.0,"Harris, Gary",0.084,27.5,1.67,3.17,8.67,0.365,1.67,4.67,0.357,1.5,4.0,0.375,6.0,0.106,35.0,3.33,4.5,11.0,0.409,2.67,6.0,0.444,1.83,5.0,0.367
Denver Nuggets,6.0,"Plumlee, Mason",0.082,27.0,2.67,3.33,9.17,0.364,1.83,5.67,0.324,1.5,3.5,0.429,6.0,0.067,22.17,1.5,1.83,4.17,0.44,1.83,4.0,0.458,0.0,0.17,0.0
Denver Nuggets,6.0,"Grant, Jerami",0.075,24.83,0.83,1.17,4.0,0.292,0.5,2.67,0.188,0.67,1.33,0.5,6.0,0.065,21.5,2.17,2.67,7.33,0.364,2.0,4.33,0.462,0.67,3.0,0.222
Denver Nuggets,6.0,"Millsap, Paul",0.059,19.33,0.67,1.17,3.33,0.35,0.83,1.83,0.455,0.33,1.5,0.222,6.0,0.055,18.0,2.33,3.17,8.33,0.38,2.0,5.5,0.364,1.17,2.83,0.412
Denver Nuggets,6.0,"Craig, Torrey",0.046,15.17,0.83,1.5,3.0,0.5,0.83,2.33,0.357,0.67,0.67,1.0,6.0,0.034,11.33,1.0,1.17,4.0,0.292,0.83,1.83,0.455,0.33,2.17,0.154
Denver Nuggets,6.0,"Beasley, Malik",0.045,14.83,0.83,2.0,5.33,0.375,1.5,4.17,0.36,0.5,1.17,0.429,6.0,0.064,21.17,2.5,3.17,8.67,0.365,1.33,4.33,0.308,1.83,4.33,0.423
Golden State Warriors,5.0,"Green, Draymond",0.135,54.2,5.2,6.2,15.2,0.408,3.6,9.6,0.375,2.6,5.6,0.464,5.0,0.101,40.4,3.0,3.4,8.8,0.386,2.6,6.2,0.419,0.8,2.6,0.308
Golden State Warriors,4.0,"Curry, Stephen",0.105,52.75,6.5,7.25,15.0,0.483,4.75,9.75,0.487,2.5,5.25,0.476,4.0,0.124,62.25,2.75,5.5,15.75,0.349,3.5,7.0,0.5,2.0,8.75,0.229
Golden State Warriors,5.0,"Russell, D'Angelo",0.12,48.2,6.4,6.8,14.0,0.486,5.2,10.2,0.51,1.6,3.8,0.421,5.0,0.156,62.8,3.0,6.2,18.2,0.341,4.0,11.2,0.357,2.2,7.0,0.314
Golden State Warriors,6.0,"Paschall, Eric",0.132,44.17,1.67,2.5,10.67,0.234,1.17,6.0,0.194,1.33,4.67,0.286,6.0,0.104,34.67,4.0,5.17,9.67,0.534,5.17,8.33,0.62,0.0,1.33,0.0
Golden State Warriors,6.0,"Bowman, Ky",0.089,29.67,1.33,2.33,7.17,0.326,2.17,5.5,0.394,0.17,1.67,0.1,6.0,0.097,32.5,0.83,1.67,5.17,0.323,1.17,3.5,0.333,0.5,1.67,0.3
Golden State Warriors,6.0,"Robinson III, Glenn",0.08,26.83,1.5,2.83,6.33,0.447,1.67,3.5,0.476,1.17,2.83,0.412,6.0,0.07,23.5,3.33,3.67,8.67,0.423,2.67,5.83,0.457,1.0,2.83,0.353
Golden State Warriors,5.0,"Chriss, Marquese",0.065,26.0,1.6,3.0,8.2,0.366,2.0,5.0,0.4,1.0,3.2,0.313,5.0,0.05,20.2,1.2,1.2,4.0,0.3,1.2,3.8,0.316,0.0,0.2,0.0
Golden State Warriors,6.0,"Lee, Damion",0.065,21.67,1.5,2.5,7.0,0.357,1.83,4.83,0.379,0.67,2.17,0.308,6.0,0.07,23.5,2.83,3.17,7.17,0.442,1.5,4.17,0.36,1.67,3.0,0.556
Golden State Warriors,6.0,"Poole, Jordan",0.065,21.67,1.5,1.83,6.17,0.297,1.5,3.5,0.429,0.33,2.67,0.125,6.0,0.095,31.67,2.33,3.0,10.33,0.29,1.17,4.83,0.241,1.83,5.5,0.333
Golden State Warriors,1.0,"Looney, Kevon",0.01,20.0,1.0,1.0,4.0,0.25,1.0,2.0,0.5,0.0,2.0,0.0,1.0,0.005,11.0,1.0,1.0,3.0,0.333,0.0,2.0,0.0,1.0,1.0,1.0
Golden State Warriors,6.0,"Spellman, Omari",0.054,18.17,0.83,1.83,5.33,0.344,1.67,3.83,0.435,0.17,1.5,0.111,6.0,0.054,18.0,1.0,1.33,5.17,0.258,1.0,3.67,0.273,0.33,1.5,0.222
Golden State Warriors,3.0,"Evans, Jacob",0.026,17.67,0.67,1.33,4.67,0.286,1.33,3.0,0.444,0.0,1.67,0.0,3.0,0.023,15.67,1.33,1.67,4.33,0.385,0.33,1.67,0.2,1.33,2.67,0.5
Golden State Warriors,3.0,"Burks, Alec",0.023,15.33,1.67,2.0,3.67,0.545,1.33,2.33,0.571,0.67,1.33,0.5,3.0,0.026,17.67,2.0,2.33,6.0,0.389,1.33,4.33,0.308,1.0,1.67,0.6
Houston Rockets,6.0,"Westbrook, Russell",0.217,53.17,9.33,11.0,26.5,0.415,6.33,11.0,0.576,4.67,15.5,0.301,6.0,0.24,59.0,2.33,6.83,16.5,0.414,5.67,12.0,0.472,1.17,4.5,0.259
Houston Rockets,6.0,"Harden, James",0.174,42.67,7.67,8.0,19.17,0.417,5.17,10.17,0.508,2.83,9.0,0.315,6.0,0.289,70.83,1.5,7.67,25.83,0.297,5.0,12.67,0.395,2.67,13.17,0.203
Houston Rockets,6.0,"Tucker, P.J.",0.136,33.5,1.33,3.5,11.33,0.309,2.67,6.67,0.4,0.83,4.67,0.179,6.0,0.079,19.33,3.83,3.83,7.67,0.5,1.17,2.33,0.5,2.67,5.33,0.5
Houston Rockets,6.0,"House Jr., Danuel",0.069,16.83,0.67,1.83,6.0,0.306,1.83,4.33,0.423,0.0,1.67,0.0,6.0,0.061,15.0,3.83,3.83,8.83,0.434,1.33,3.0,0.444,2.5,5.83,0.429
Houston Rockets,1.0,"Clemons, Chris",0.011,16.0,1.0,1.0,6.0,0.167,0.0,3.0,0.0,1.0,3.0,0.333,1.0,0.017,25.0,3.0,5.0,10.0,0.5,1.0,2.0,0.5,4.0,8.0,0.5
Houston Rockets,5.0,"Sefolosha, Thabo",0.054,16.0,1.2,2.6,5.6,0.464,1.4,3.2,0.438,1.2,2.4,0.5,5.0,0.028,8.2,0.6,0.6,2.6,0.231,0.2,0.6,0.333,0.4,2.0,0.2
Houston Rockets,6.0,"Gordon, Eric",0.06,14.67,0.83,1.5,5.17,0.29,0.67,1.83,0.364,0.83,3.33,0.25,6.0,0.089,21.83,2.33,3.17,12.17,0.26,1.5,4.0,0.375,1.67,8.17,0.204
Houston Rockets,6.0,"Rivers, Austin",0.056,13.67,1.33,2.33,6.0,0.389,1.5,2.83,0.529,0.83,3.17,0.263,6.0,0.056,13.83,1.5,2.0,5.17,0.387,0.83,1.67,0.5,1.17,3.5,0.333
Houston Rockets,2.0,"Anderson, Ryan",0.016,11.5,1.0,2.0,3.0,0.667,0.5,1.5,0.333,1.5,1.5,1.0,2.0,0.01,7.0,0.5,1.0,3.5,0.286,0.5,1.0,0.5,0.5,2.5,0.2
Houston Rockets,6.0,"McLemore, Ben",0.033,8.17,0.5,1.17,2.33,0.5,0.33,0.5,0.667,0.83,1.83,0.455,6.0,0.031,7.67,1.33,1.5,3.67,0.409,0.33,0.5,0.667,1.17,3.17,0.368
LA Clippers,7.0,"Beverley, Patrick",0.167,47.57,3.14,6.29,13.57,0.463,4.57,8.57,0.533,1.71,5.0,0.343,7.0,0.158,45.0,1.14,2.43,7.57,0.321,1.86,3.29,0.565,0.57,4.29,0.133
LA Clippers,7.0,"Williams, Lou",0.164,46.71,4.71,6.71,15.0,0.448,5.43,10.43,0.521,1.29,4.57,0.281,7.0,0.213,60.43,1.86,6.71,17.86,0.376,5.29,13.57,0.389,1.43,4.29,0.333
LA Clippers,6.0,"Leonard, Kawhi",0.104,34.5,5.67,6.33,15.0,0.422,3.83,8.5,0.451,2.5,6.5,0.385,6.0,0.149,49.5,2.5,8.5,20.5,0.415,7.0,16.17,0.433,1.5,4.33,0.346
LA Clippers,7.0,"Shamet, Landry",0.086,24.43,2.14,3.57,7.29,0.49,2.71,5.14,0.528,0.86,2.14,0.4,7.0,0.106,30.0,2.43,3.0,8.71,0.344,1.14,2.57,0.444,1.86,6.14,0.302
LA Clippers,7.0,"Green, JaMychal",0.081,23.14,0.29,1.57,5.14,0.306,1.57,4.57,0.344,0.0,0.57,0.0,7.0,0.058,16.43,2.86,2.86,6.0,0.476,0.43,1.57,0.273,2.43,4.43,0.548
LA Clippers,7.0,"Patterson, Patrick",0.073,20.86,1.43,3.43,5.43,0.632,2.57,3.57,0.72,0.86,1.86,0.462,7.0,0.046,13.14,1.71,1.71,5.0,0.343,0.29,1.29,0.222,1.43,3.71,0.385
LA Clippers,7.0,"Harkless, Maurice",0.056,15.86,0.86,1.43,4.57,0.313,0.71,2.0,0.357,0.71,2.57,0.278,7.0,0.033,9.43,1.43,2.29,4.29,0.533,1.86,3.0,0.619,0.43,1.29,0.333
LA Clippers,3.0,"McGruder, Rodney",0.015,10.0,0.0,1.0,2.67,0.375,1.0,2.33,0.429,0.0,0.33,0.0,3.0,0.01,6.67,0.0,0.0,1.33,0.0,0.0,1.0,0.0,0.0,0.33,0.0
LA Clippers,3.0,"Robinson, Jerome",0.014,9.33,1.0,1.33,2.0,0.667,1.0,1.67,0.6,0.33,0.33,1.0,3.0,0.02,13.0,0.67,1.67,3.0,0.556,1.0,1.67,0.6,0.67,1.33,0.5
Los Angeles Lakers,6.0,"James, LeBron",0.225,64.83,11.17,12.0,26.67,0.45,8.5,16.33,0.52,3.5,10.33,0.339,6.0,0.272,78.5,1.83,8.0,19.67,0.407,6.5,14.33,0.453,1.5,5.33,0.281
Los Angeles Lakers,6.0,"Davis, Anthony",0.14,40.33,2.67,4.17,12.0,0.347,3.17,8.0,0.396,1.0,4.0,0.25,6.0,0.161,46.5,5.0,8.17,19.67,0.415,7.5,16.67,0.45,0.67,3.0,0.222
Los Angeles Lakers,6.0,"Green, Danny",0.108,31.0,0.67,3.67,7.83,0.468,3.17,5.83,0.543,0.5,2.0,0.25,6.0,0.086,24.83,3.67,3.67,7.83,0.468,1.0,2.5,0.4,2.67,5.33,0.5
Los Angeles Lakers,5.0,"Caruso, Alex",0.072,25.0,1.6,3.0,8.4,0.357,2.2,5.0,0.44,0.8,3.4,0.235,5.0,0.079,27.4,0.8,1.2,3.4,0.353,0.8,2.0,0.4,0.4,1.4,0.286
Los Angeles Lakers,6.0,"Bradley, Avery",0.079,22.83,0.67,1.17,4.5,0.259,1.17,3.33,0.35,0.0,1.17,0.0,6.0,0.087,25.17,3.5,4.33,8.67,0.5,3.33,5.83,0.571,1.0,2.83,0.353
Los Angeles Lakers,6.0,"Caldwell-Pope, Kentavious",0.076,21.83,1.83,3.17,6.17,0.514,2.5,4.0,0.625,0.67,2.17,0.308,6.0,0.072,20.67,1.67,2.5,7.0,0.357,1.83,4.5,0.407,0.67,2.5,0.267
Los Angeles Lakers,6.0,"Cook, Quinn",0.076,21.83,2.33,3.83,7.67,0.5,3.0,5.83,0.514,0.83,1.83,0.455,6.0,0.09,25.83,0.83,2.0,5.5,0.364,1.5,3.17,0.474,0.5,2.33,0.214
Los Angeles Lakers,2.0,"Kuzma, Kyle",0.017,15.0,0.5,0.5,3.5,0.143,0.0,2.0,0.0,0.5,1.5,0.333,2.0,0.013,11.0,2.0,2.5,7.5,0.333,2.0,3.5,0.571,0.5,4.0,0.125
Los Angeles Lakers,6.0,"Daniels, Troy",0.039,11.33,0.5,1.17,1.67,0.7,0.83,1.0,0.833,0.33,0.67,0.5,6.0,0.047,13.67,1.83,1.83,5.67,0.324,0.67,1.33,0.5,1.17,4.33,0.269
Los Angeles Lakers,4.0,"Dudley, Jared",0.024,10.25,0.25,0.75,1.75,0.429,0.75,1.5,0.5,0.0,0.25,0.0,4.0,0.013,5.5,0.5,0.5,0.75,0.667,0.0,0.25,0.0,0.5,0.5,1.0
Miami Heat,4.0,"Winslow, Justise",0.125,58.25,5.75,8.5,16.75,0.507,6.25,10.75,0.581,2.25,6.0,0.375,4.0,0.123,57.5,3.0,5.5,15.0,0.367,4.75,12.5,0.38,0.75,2.5,0.3
Miami Heat,3.0,"Butler, Jimmy",0.084,52.33,7.33,8.33,15.67,0.532,5.0,8.33,0.6,3.33,7.33,0.455,3.0,0.079,49.33,3.0,4.33,12.67,0.342,3.33,9.0,0.37,1.0,3.67,0.273
Miami Heat,6.0,"Dragic, Goran",0.143,44.5,4.17,5.17,13.17,0.392,2.83,7.17,0.395,2.33,6.0,0.389,6.0,0.172,53.33,1.67,4.0,10.17,0.393,1.83,4.67,0.393,2.17,5.5,0.394
Miami Heat,6.0,"Herro, Tyler",0.127,39.33,2.83,3.17,9.67,0.328,1.67,5.33,0.313,1.5,4.33,0.346,6.0,0.121,37.5,3.33,4.83,12.83,0.377,2.83,6.67,0.425,2.0,6.17,0.324
Miami Heat,6.0,"Nunn, Kendrick",0.111,34.33,3.0,3.67,9.0,0.407,2.83,7.33,0.386,0.83,1.67,0.5,6.0,0.146,45.33,4.0,6.67,15.0,0.444,4.0,9.17,0.436,2.67,5.83,0.457
Miami Heat,1.0,"Johnson, James",0.017,32.0,3.0,5.0,11.0,0.455,2.0,4.0,0.5,3.0,7.0,0.429,1.0,0.021,40.0,6.0,7.0,13.0,0.538,5.0,8.0,0.625,2.0,5.0,0.4
Miami Heat,6.0,"Adebayo, Bam",0.103,32.0,5.17,6.67,11.5,0.58,4.5,7.5,0.6,2.17,4.0,0.542,6.0,0.105,32.67,3.5,3.5,7.67,0.457,3.33,7.0,0.476,0.17,0.67,0.25
Miami Heat,6.0,"Leonard, Meyers",0.098,30.5,1.0,2.33,5.67,0.412,1.83,3.5,0.524,0.5,2.17,0.231,6.0,0.074,23.0,3.0,3.5,5.83,0.6,2.17,3.67,0.591,1.33,2.17,0.615
Miami Heat,6.0,"Olynyk, Kelly",0.088,27.33,1.83,3.0,7.83,0.383,1.33,4.17,0.32,1.67,3.67,0.455,6.0,0.065,20.17,1.5,1.67,5.67,0.294,0.67,2.0,0.333,1.0,3.67,0.273
Miami Heat,6.0,"Robinson, Duncan",0.05,15.67,0.5,1.0,4.5,0.222,0.5,2.33,0.214,0.5,2.17,0.231,6.0,0.057,17.67,4.0,4.17,7.5,0.556,1.33,1.83,0.727,2.83,5.67,0.5
Milwaukee Bucks,6.0,"Antetokounmpo, Giannis",0.216,62.17,7.67,9.67,21.83,0.443,4.83,9.17,0.527,4.83,12.67,0.382,6.0,0.19,54.67,4.33,8.0,16.5,0.485,7.5,13.5,0.556,0.5,3.0,0.167
Milwaukee Bucks,6.0,"Bledsoe, Eric",0.139,40.17,4.67,6.5,17.0,0.382,4.5,8.0,0.563,2.0,9.0,0.222,6.0,0.149,43.0,2.0,4.17,11.17,0.373,3.33,7.17,0.465,0.83,4.0,0.208
Milwaukee Bucks,6.0,"Hill, George",0.137,39.5,3.67,4.33,11.0,0.394,2.5,6.5,0.385,1.83,4.5,0.407,6.0,0.134,38.5,2.33,3.33,6.33,0.526,2.17,3.5,0.619,1.17,2.83,0.412
Milwaukee Bucks,6.0,"Middleton, Khris",0.119,34.33,2.83,4.33,9.67,0.448,3.33,6.0,0.556,1.0,3.67,0.273,6.0,0.142,41.0,3.0,6.17,13.17,0.468,4.0,7.17,0.558,2.17,6.0,0.361
Milwaukee Bucks,6.0,"Ilyasova, Ersan",0.084,24.17,0.67,2.5,5.17,0.484,1.67,3.33,0.5,0.83,1.83,0.455,6.0,0.052,15.0,2.17,2.33,5.67,0.412,1.17,2.67,0.438,1.17,3.0,0.389
Milwaukee Bucks,6.0,"Lopez, Brook",0.075,21.67,1.67,3.0,6.17,0.486,2.0,3.17,0.632,1.0,3.0,0.333,6.0,0.094,27.0,2.83,3.0,10.17,0.295,1.17,4.17,0.28,1.83,6.0,0.306
Milwaukee Bucks,5.0,"Connaughton, Pat",0.06,20.8,1.8,2.4,6.6,0.364,1.2,3.0,0.4,1.2,3.6,0.333,5.0,0.06,20.6,2.6,2.8,6.8,0.412,1.2,2.2,0.545,1.6,4.6,0.348
Milwaukee Bucks,3.0,"Brown, Sterling",0.029,17.0,0.67,1.33,4.33,0.308,1.0,2.33,0.429,0.33,2.0,0.167,3.0,0.023,13.0,1.0,1.67,3.67,0.455,0.67,1.67,0.4,1.0,2.0,0.5
Milwaukee Bucks,6.0,"Matthews, Wesley",0.05,14.33,1.17,2.33,4.0,0.583,1.33,2.0,0.667,1.0,2.0,0.5,6.0,0.056,16.17,2.17,2.83,6.67,0.425,1.33,1.67,0.8,1.5,5.0,0.3
Milwaukee Bucks,3.0,"DiVincenzo, Donte",0.024,13.67,1.33,2.0,5.67,0.353,1.33,4.0,0.333,0.67,1.67,0.4,3.0,0.029,16.67,2.33,2.33,5.33,0.438,0.33,1.33,0.25,2.0,4.0,0.5
Milwaukee Bucks,6.0,"Lopez, Robin",0.035,10.17,0.67,1.33,2.33,0.571,1.0,1.5,0.667,0.33,0.83,0.4,6.0,0.032,9.17,1.17,1.67,4.0,0.417,1.17,2.0,0.583,0.5,2.0,0.25
Milwaukee Bucks,5.0,"Korver, Kyle",0.025,8.6,0.4,0.4,1.2,0.333,0.4,0.8,0.5,0.0,0.4,0.0,5.0,0.035,12.2,2.6,2.6,5.4,0.481,0.2,0.6,0.333,2.4,4.8,0.5
Milwaukee Bucks,2.0,"Wilson, D.J.",0.006,5.0,0.5,0.5,1.0,0.5,0.0,0.5,0.0,0.5,0.5,1.0,2.0,0.005,4.0,0.5,0.5,2.0,0.25,0.0,0.5,0.0,0.5,1.5,0.333
Minnesota Timberwolves,5.0,"Teague, Jeff",0.177,57.4,6.8,9.0,21.2,0.425,6.8,13.2,0.515,2.2,8.0,0.275,5.0,0.2,64.8,0.6,4.4,9.4,0.468,3.4,6.4,0.531,1.0,3.0,0.333
Minnesota Timberwolves,4.0,"Towns, Karl-Anthony",0.119,48.25,4.0,6.0,13.0,0.462,4.75,8.5,0.559,1.25,4.5,0.278,4.0,0.114,46.25,5.5,7.5,16.75,0.448,3.25,8.25,0.394,4.25,8.5,0.5
Minnesota Timberwolves,5.0,"Napier, Shabazz",0.136,44.0,4.6,5.6,15.0,0.373,2.8,8.2,0.341,2.8,6.8,0.412,5.0,0.145,47.2,0.6,1.8,7.2,0.25,0.8,2.0,0.4,1.0,5.2,0.192
Minnesota Timberwolves,5.0,"Covington, Robert",0.099,32.2,1.0,2.6,6.4,0.406,1.6,3.4,0.471,1.0,3.0,0.333,5.0,0.073,23.6,3.8,4.0,9.2,0.435,2.2,3.6,0.611,1.8,5.6,0.321
Minnesota Timberwolves,5.0,"Wiggins, Andrew",0.092,29.8,2.0,3.2,8.4,0.381,2.0,4.0,0.5,1.2,4.4,0.273,5.0,0.127,41.2,3.2,7.0,17.6,0.398,5.2,11.2,0.464,1.8,6.4,0.281
Minnesota Timberwolves,2.0,"Dieng, Gorgui",0.031,25.5,0.5,1.5,4.5,0.333,0.5,2.5,0.2,1.0,2.0,0.5,2.0,0.027,22.0,4.0,4.0,6.0,0.667,3.0,4.0,0.75,1.0,2.0,0.5
Minnesota Timberwolves,5.0,"Vonleh, Noah",0.076,24.8,0.6,1.6,5.4,0.296,1.0,3.4,0.294,0.6,2.0,0.3,5.0,0.041,13.2,1.4,1.8,3.0,0.6,1.8,2.4,0.75,0.0,0.6,0.0
Minnesota Timberwolves,5.0,"Graham, Treveon",0.068,22.0,1.4,2.2,5.6,0.393,0.8,2.4,0.333,1.4,3.2,0.438,5.0,0.062,20.0,1.8,2.0,7.4,0.27,1.6,4.6,0.348,0.4,2.8,0.143
Minnesota Timberwolves,5.0,"Culver, Jarrett",0.059,19.0,0.8,1.4,4.0,0.35,0.8,1.2,0.667,0.6,2.8,0.214,5.0,0.066,21.4,1.0,2.0,6.6,0.303,1.0,3.2,0.313,1.0,3.4,0.294
Minnesota Timberwolves,5.0,"Okogie, Josh",0.055,17.8,2.6,3.2,6.4,0.5,2.4,3.8,0.632,0.8,2.6,0.308,5.0,0.059,19.0,1.8,2.0,5.2,0.385,1.6,3.4,0.471,0.4,1.8,0.222
Minnesota Timberwolves,5.0,"Layman, Jake",0.047,15.4,0.6,1.8,4.4,0.409,1.2,2.2,0.545,0.6,2.2,0.273,5.0,0.06,19.6,3.4,3.8,8.8,0.432,2.2,4.8,0.458,1.6,4.0,0.4
Brooklyn Nets,6.0,"Irving, Kyrie",0.193,49.67,7.5,8.83,18.5,0.477,4.5,10.67,0.422,4.33,7.83,0.553,6.0,0.257,66.0,2.33,10.0,23.33,0.429,6.5,14.33,0.453,3.5,9.0,0.389
Brooklyn Nets,6.0,"Prince, Taurean",0.128,33.0,1.33,4.17,10.67,0.391,2.33,7.33,0.318,1.83,3.33,0.55,6.0,0.086,22.17,4.33,5.0,11.5,0.435,1.83,4.33,0.423,3.17,7.17,0.442
Brooklyn Nets,6.0,"Harris, Joe",0.122,31.33,1.5,4.17,9.83,0.424,3.33,6.67,0.5,0.83,3.17,0.263,6.0,0.102,26.17,4.67,5.17,9.33,0.554,1.83,3.5,0.524,3.33,5.83,0.571
Brooklyn Nets,6.0,"Dinwiddie, Spencer",0.104,26.83,5.0,5.67,10.83,0.523,3.5,6.17,0.568,2.17,4.67,0.464,6.0,0.156,40.17,0.5,4.33,13.5,0.321,3.33,8.83,0.377,1.0,4.67,0.214
Brooklyn Nets,6.0,"LeVert, Caris",0.099,25.33,3.17,4.17,10.33,0.403,2.83,6.17,0.459,1.33,4.17,0.32,6.0,0.154,39.67,3.33,7.0,16.33,0.429,5.67,12.5,0.453,1.33,3.83,0.348
Brooklyn Nets,6.0,"Temple, Garrett",0.073,18.83,1.33,2.33,5.83,0.4,1.33,3.17,0.421,1.0,2.67,0.375,6.0,0.06,15.33,1.5,1.83,4.83,0.379,0.83,1.67,0.5,1.0,3.17,0.316
Brooklyn Nets,6.0,"Kurucs, Rodions",0.052,13.33,0.17,1.83,2.83,0.647,1.67,2.0,0.833,0.17,0.83,0.2,6.0,0.023,6.0,0.83,0.83,2.33,0.357,0.5,1.83,0.273,0.33,0.5,0.667
Brooklyn Nets,4.0,"Nwaba, David",0.013,5.0,0.25,0.5,2.0,0.25,0.25,0.75,0.333,0.25,1.25,0.2,3.0,0.01,5.0,1.0,1.0,1.67,0.6,0.67,1.0,0.667,0.33,0.67,0.5
New York Knicks,7.0,"Randle, Julius",0.161,48.29,4.57,5.43,15.43,0.352,2.57,8.0,0.321,2.86,7.43,0.385,7.0,0.144,43.29,1.86,4.14,11.29,0.367,4.0,8.71,0.459,0.14,2.57,0.056
New York Knicks,4.0,"Payton, Elfrid",0.092,48.25,3.5,6.5,15.0,0.433,4.5,10.5,0.429,2.0,4.5,0.444,4.0,0.092,48.25,1.25,2.5,7.0,0.357,1.25,5.25,0.238,1.25,1.75,0.714
New York Knicks,5.0,"Ntilikina, Frank",0.097,40.6,2.2,2.8,8.8,0.318,2.0,6.2,0.323,0.8,2.6,0.308,5.0,0.095,39.8,0.8,1.6,4.8,0.333,1.0,2.4,0.417,0.6,2.4,0.25
New York Knicks,7.0,"Barrett, RJ",0.134,40.14,3.43,5.14,13.29,0.387,4.0,9.14,0.438,1.14,4.14,0.276,7.0,0.165,49.57,3.14,6.14,16.71,0.368,4.71,12.71,0.371,1.43,4.0,0.357
New York Knicks,7.0,"Morris Sr., Marcus",0.128,38.57,1.0,2.86,10.0,0.286,2.14,6.0,0.357,0.71,4.0,0.179,7.0,0.137,41.29,3.14,4.71,13.29,0.355,2.43,8.29,0.293,2.29,5.0,0.457
New York Knicks,7.0,"Portis, Bobby",0.118,35.57,1.29,2.71,7.57,0.358,1.86,4.0,0.464,0.86,3.57,0.24,7.0,0.087,26.0,2.14,3.57,8.86,0.403,2.57,5.86,0.439,1.0,3.0,0.333
New York Knicks,4.0,"Trier, Allonzo",0.042,22.25,1.75,2.5,7.5,0.333,2.0,5.75,0.348,0.5,1.75,0.286,4.0,0.055,28.75,0.75,2.25,6.25,0.36,1.0,2.75,0.364,1.25,3.5,0.357
New York Knicks,7.0,"Knox II, Kevin",0.061,18.29,1.43,2.14,4.57,0.469,1.29,3.0,0.429,0.86,1.57,0.545,7.0,0.064,19.14,2.43,2.86,8.71,0.328,1.0,4.29,0.233,1.86,4.43,0.419
New York Knicks,3.0,"Smith Jr., Dennis",0.023,16.0,1.0,2.0,5.0,0.4,1.0,3.0,0.333,1.0,2.0,0.5,3.0,0.028,19.33,0.33,0.33,4.0,0.083,0.33,3.0,0.111,0.0,1.0,0.0
New York Knicks,6.0,"Ellington, Wayne",0.041,14.5,1.17,1.83,5.0,0.367,1.17,3.67,0.318,0.67,1.33,0.5,6.0,0.052,18.33,1.83,2.0,6.33,0.316,0.33,0.67,0.5,1.67,5.67,0.294
New York Knicks,5.0,"Gibson, Taj",0.033,14.0,0.6,1.6,3.4,0.471,1.0,2.2,0.455,0.6,1.2,0.5,5.0,0.026,11.0,0.4,0.6,2.6,0.231,0.6,2.0,0.3,0.0,0.6,0.0
Orlando Magic,6.0,"Augustin, D.J.",0.156,44.5,4.33,5.33,14.67,0.364,3.67,9.67,0.379,1.67,5.0,0.333,6.0,0.185,52.5,1.17,3.0,7.67,0.391,2.5,5.67,0.441,0.5,2.0,0.25
Orlando Magic,6.0,"Vucevic, Nikola",0.15,42.67,2.5,4.17,10.0,0.417,2.83,6.83,0.415,1.33,3.17,0.421,6.0,0.15,42.67,5.5,6.17,15.0,0.411,5.33,11.17,0.478,0.83,3.83,0.217
Orlando Magic,6.0,"Isaac, Jonathan",0.143,40.67,1.5,3.33,7.33,0.455,1.83,4.67,0.393,1.5,2.67,0.563,6.0,0.075,21.33,3.0,3.33,8.33,0.4,1.83,4.33,0.423,1.5,4.0,0.375
Orlando Magic,6.0,"Fultz, Markelle",0.133,37.83,3.33,5.33,13.17,0.405,3.5,6.67,0.525,1.83,6.5,0.282,6.0,0.164,46.67,1.67,4.0,8.83,0.453,3.5,6.17,0.568,0.5,2.67,0.188
Orlando Magic,6.0,"Aminu, Al-Farouq",0.117,33.17,1.0,1.33,5.5,0.242,1.0,3.5,0.286,0.33,2.0,0.167,6.0,0.055,15.67,0.83,1.0,3.67,0.273,0.17,2.0,0.083,0.83,1.67,0.5
Orlando Magic,6.0,"Fournier, Evan",0.08,22.67,2.67,3.33,9.33,0.357,2.67,4.83,0.552,0.67,4.5,0.148,6.0,0.119,33.83,3.0,6.17,13.5,0.457,4.33,7.83,0.553,1.83,5.67,0.324
Orlando Magic,6.0,"Gordon, Aaron",0.075,21.33,2.83,3.67,9.67,0.379,3.17,5.0,0.633,0.5,4.67,0.107,6.0,0.087,24.83,1.83,2.5,8.67,0.288,1.33,5.17,0.258,1.17,3.5,0.333
Orlando Magic,6.0,"Ross, Terrence",0.058,16.5,1.33,1.83,5.0,0.367,1.0,3.33,0.3,0.83,1.67,0.5,6.0,0.083,23.5,2.0,2.83,10.5,0.27,1.5,3.67,0.409,1.33,6.83,0.195
Orlando Magic,2.0,"Birch, Khem",0.015,12.5,0.5,2.0,5.5,0.364,1.5,4.0,0.375,0.5,1.5,0.333,2.0,0.011,9.5,0.0,0.0,2.0,0.0,0.0,1.5,0.0,0.0,0.5,0.0
Orlando Magic,4.0,"Carter-Williams, Michael",0.026,11.25,1.0,1.5,5.0,0.3,1.0,3.25,0.308,0.5,1.75,0.286,4.0,0.022,9.5,0.5,0.5,2.0,0.25,0.0,0.75,0.0,0.5,1.25,0.4
Orlando Magic,5.0,"Bamba, Mo",0.028,9.4,0.4,1.0,2.6,0.385,0.8,1.6,0.5,0.2,1.0,0.2,5.0,0.028,9.4,1.6,1.8,4.6,0.391,1.2,2.8,0.429,0.6,1.8,0.333
Orlando Magic,1.0,"Iwundu, Wes",0.005,9.0,0.0,0.0,5.0,0.0,0.0,3.0,0.0,0.0,2.0,0.0,1.0,0.006,10.0,1.0,1.0,4.0,0.25,1.0,3.0,0.333,0.0,1.0,0.0
Indiana Pacers,6.0,"Brogdon, Malcolm",0.223,64.83,9.67,11.33,27.17,0.417,9.67,20.17,0.479,1.67,7.0,0.238,6.0,0.273,79.17,2.0,7.0,16.17,0.433,5.33,11.33,0.471,1.67,4.83,0.345
Indiana Pacers,5.0,"Sabonis, Domantas",0.175,61.0,2.6,6.2,18.6,0.333,5.2,13.8,0.377,1.0,4.8,0.208,5.0,0.137,47.8,5.6,8.0,15.4,0.519,7.4,14.0,0.529,0.6,1.4,0.429
Indiana Pacers,4.0,"Lamb, Jeremy",0.076,33.0,2.25,3.5,8.0,0.438,2.75,5.75,0.478,0.75,2.25,0.333,4.0,0.078,34.0,3.0,4.75,11.75,0.404,3.75,7.75,0.484,1.0,4.0,0.25
Indiana Pacers,4.0,"Turner, Myles",0.074,32.25,0.5,2.0,5.25,0.381,1.0,3.5,0.286,1.0,1.75,0.571,4.0,0.062,27.0,4.5,4.75,9.75,0.487,2.75,6.0,0.458,2.0,3.75,0.533
Indiana Pacers,6.0,"McConnell, T.J.",0.104,30.33,4.0,4.83,11.17,0.433,2.83,6.5,0.436,2.0,4.67,0.429,6.0,0.112,32.5,0.33,1.33,4.17,0.32,1.33,4.0,0.333,0.0,0.17,0.0
Indiana Pacers,6.0,"Warren, T.J.",0.083,24.0,0.83,2.33,4.83,0.483,2.0,3.83,0.522,0.33,1.0,0.333,6.0,0.095,27.67,4.33,5.5,14.17,0.388,5.17,11.5,0.449,0.33,2.67,0.125
Indiana Pacers,4.0,"Bitadze, Goga",0.045,19.75,1.0,1.25,2.75,0.455,1.0,2.25,0.444,0.25,0.5,0.5,4.0,0.029,12.75,1.75,1.75,3.25,0.538,1.25,2.25,0.556,0.5,1.0,0.5
Indiana Pacers,6.0,"Holiday, Justin",0.064,18.5,1.17,1.83,4.83,0.379,1.33,3.67,0.364,0.5,1.17,0.429,6.0,0.05,14.67,2.0,2.0,5.5,0.364,0.83,1.5,0.556,1.17,4.0,0.292
Indiana Pacers,3.0,"Sumner, Edmond",0.029,16.67,2.0,2.67,5.33,0.5,2.33,4.33,0.538,0.33,1.0,0.333,3.0,0.034,20.0,1.67,2.33,6.0,0.389,2.33,5.0,0.467,0.0,1.0,0.0
Indiana Pacers,5.0,"Leaf, TJ",0.042,14.8,0.6,1.2,3.4,0.353,1.0,2.4,0.417,0.2,1.0,0.2,5.0,0.025,8.6,1.6,1.6,4.2,0.381,1.2,3.0,0.4,0.4,1.2,0.333
Indiana Pacers,4.0,"Holiday, Aaron",0.031,13.5,1.75,2.25,5.5,0.409,1.5,3.0,0.5,0.75,2.5,0.3,4.0,0.044,19.25,0.25,1.0,5.5,0.182,0.25,3.75,0.067,0.75,1.75,0.429
Indiana Pacers,6.0,"McDermott, Doug",0.042,12.33,1.33,1.67,3.0,0.556,1.33,2.17,0.615,0.33,0.83,0.4,6.0,0.046,13.5,1.83,1.83,5.67,0.324,0.83,2.67,0.313,1.0,3.0,0.333
Philadelphia 76ers,5.0,"Horford, Al",0.146,46.8,4.4,6.4,15.0,0.427,4.6,9.4,0.489,1.8,5.6,0.321,5.0,0.138,44.4,4.8,5.8,13.4,0.433,4.6,9.2,0.5,1.2,4.2,0.286
Philadelphia 76ers,5.0,"Harris, Tobias",0.146,46.8,3.2,4.0,11.4,0.351,3.4,8.0,0.425,0.6,3.4,0.176,5.0,0.141,45.2,4.6,7.0,14.2,0.493,5.2,9.2,0.565,1.8,5.0,0.36
Philadelphia 76ers,3.0,"Embiid, Joel",0.083,44.67,3.33,5.0,11.33,0.441,4.33,8.67,0.5,0.67,2.67,0.25,3.0,0.075,40.33,3.67,7.0,15.67,0.447,5.67,12.33,0.459,1.33,3.33,0.4
Philadelphia 76ers,5.0,"Richardson, Josh",0.132,42.4,3.6,4.8,11.4,0.421,3.2,8.2,0.39,1.6,3.2,0.5,5.0,0.162,52.0,2.6,4.6,12.8,0.359,3.6,8.4,0.429,1.0,4.4,0.227
Philadelphia 76ers,5.0,"O'Quinn, Kyle",0.057,18.2,1.2,1.2,4.8,0.25,1.0,3.6,0.278,0.2,1.2,0.167,5.0,0.04,12.8,0.6,0.8,3.0,0.267,0.4,1.4,0.286,0.4,1.6,0.25
Philadelphia 76ers,5.0,"Thybulle, Matisse",0.052,16.8,1.4,1.6,4.2,0.381,1.0,3.0,0.333,0.6,1.2,0.5,5.0,0.059,19.0,1.2,1.2,5.4,0.222,0.2,1.6,0.125,1.0,3.8,0.263
Philadelphia 76ers,5.0,"Scott, Mike",0.049,15.6,1.0,1.8,3.0,0.6,1.4,2.2,0.636,0.4,0.8,0.5,5.0,0.042,13.6,2.2,2.6,5.6,0.464,1.2,2.0,0.6,1.4,3.6,0.389
Philadelphia 76ers,5.0,"Ennis III, James",0.042,13.6,0.6,1.6,3.6,0.444,1.4,3.0,0.467,0.2,0.6,0.333,5.0,0.03,9.6,1.2,1.2,3.0,0.4,0.8,1.8,0.444,0.4,1.2,0.333
Philadelphia 76ers,5.0,"Korkmaz, Furkan",0.033,10.6,0.8,1.2,3.2,0.375,1.2,2.4,0.5,0.0,0.8,0.0,5.0,0.043,13.8,1.8,2.0,5.4,0.37,0.8,1.6,0.5,1.2,3.8,0.316
Philadelphia 76ers,3.0,"Milton, Shake",0.011,6.0,1.0,1.0,2.67,0.375,0.67,1.33,0.5,0.33,1.33,0.25,3.0,0.02,10.67,1.67,2.0,4.67,0.429,0.67,1.67,0.4,1.33,3.0,0.444
Phoenix Suns,5.0,"Rubio, Ricky",0.168,62.2,8.2,9.8,23.0,0.426,7.0,14.2,0.493,2.8,8.8,0.318,5.0,0.174,64.6,1.8,3.2,10.0,0.32,2.6,7.8,0.333,0.6,2.2,0.273
Phoenix Suns,6.0,"Kaminsky, Frank",0.14,43.33,2.5,3.67,9.5,0.386,2.0,6.17,0.324,1.67,3.33,0.5,6.0,0.117,36.17,2.17,3.17,10.67,0.297,2.33,6.5,0.359,0.83,4.17,0.2
Phoenix Suns,6.0,"Saric, Dario",0.13,40.0,2.33,3.5,8.0,0.438,2.67,5.33,0.5,0.83,2.67,0.313,6.0,0.089,27.5,3.0,3.5,8.83,0.396,2.17,5.0,0.433,1.33,3.83,0.348
Phoenix Suns,6.0,"Carter, Jevon",0.114,35.17,3.0,3.5,9.17,0.382,1.83,4.33,0.423,1.67,4.83,0.345,6.0,0.123,37.83,1.5,2.0,5.17,0.387,0.33,1.5,0.222,1.67,3.67,0.455
Phoenix Suns,6.0,"Booker, Devin",0.099,30.67,5.33,6.0,13.5,0.444,4.0,7.83,0.511,2.0,5.67,0.353,6.0,0.169,52.17,5.0,8.5,18.67,0.455,5.83,13.0,0.449,2.67,5.67,0.471
Phoenix Suns,6.0,"Baynes, Aron",0.087,26.83,3.17,4.17,8.5,0.49,2.33,5.17,0.452,1.83,3.33,0.55,6.0,0.08,24.83,4.0,4.17,7.83,0.532,2.17,3.5,0.619,2.0,4.33,0.462
Phoenix Suns,6.0,"Oubre Jr., Kelly",0.07,21.67,1.67,2.5,4.67,0.536,1.5,2.33,0.643,1.0,2.33,0.429,6.0,0.072,22.33,4.17,5.17,11.67,0.443,3.67,7.33,0.5,1.5,4.33,0.346
Phoenix Suns,6.0,"Johnson, Tyler",0.07,21.67,2.17,2.83,7.33,0.386,2.17,4.67,0.464,0.67,2.67,0.25,6.0,0.077,23.83,2.33,2.33,5.67,0.412,1.0,2.83,0.353,1.33,2.83,0.471
Phoenix Suns,6.0,"Bridges, Mikal",0.064,19.67,1.0,1.5,3.33,0.45,0.67,2.0,0.333,0.83,1.33,0.625,6.0,0.04,12.33,1.5,1.5,3.33,0.45,1.33,2.17,0.615,0.17,1.17,0.143
Phoenix Suns,4.0,"Johnson, Cameron",0.023,10.5,0.25,0.5,1.75,0.286,0.25,1.25,0.2,0.25,0.5,0.5,4.0,0.024,11.0,2.0,2.0,4.5,0.444,0.75,1.0,0.75,1.25,3.5,0.357
Phoenix Suns,3.0,"Okobo, Elie",0.009,5.67,0.33,0.33,1.33,0.25,0.33,0.33,1.0,0.0,1.0,0.0,3.0,0.011,7.0,1.0,1.0,1.67,0.6,0.67,1.0,0.667,0.33,0.67,0.5
Portland Trail Blazers,6.0,"Lillard, Damian",0.221,54.0,7.83,11.17,21.33,0.523,7.17,13.83,0.518,4.0,7.5,0.533,6.0,0.28,68.5,1.5,9.17,20.67,0.444,5.5,11.5,0.478,3.67,9.17,0.4
Portland Trail Blazers,6.0,"McCollum, CJ",0.128,31.17,3.17,4.5,11.0,0.409,3.17,6.33,0.5,1.33,4.67,0.286,6.0,0.192,47.0,2.5,7.5,19.33,0.388,5.67,14.5,0.391,1.83,4.83,0.379
Portland Trail Blazers,6.0,"Hezonja, Mario",0.126,30.67,1.17,3.5,8.0,0.438,2.17,5.67,0.382,1.33,2.33,0.571,6.0,0.074,18.0,1.33,1.67,4.67,0.357,1.0,2.83,0.353,0.67,1.83,0.364
Portland Trail Blazers,3.0,"Collins, Zach",0.055,27.0,2.0,4.33,8.67,0.5,4.0,6.67,0.6,0.33,2.0,0.167,3.0,0.046,22.67,2.67,3.0,6.33,0.474,2.0,4.0,0.5,1.0,2.33,0.429
Portland Trail Blazers,6.0,"Hood, Rodney",0.096,23.5,0.5,2.83,8.0,0.354,1.5,4.5,0.333,1.33,3.5,0.381,6.0,0.097,23.67,2.83,4.17,9.0,0.463,2.0,4.67,0.429,2.17,4.33,0.5
Portland Trail Blazers,6.0,"Bazemore, Kent",0.09,22.0,1.33,3.0,9.0,0.333,2.0,5.67,0.353,1.0,3.33,0.3,6.0,0.08,19.5,1.67,2.5,6.83,0.366,1.5,4.17,0.36,1.0,2.67,0.375
Portland Trail Blazers,6.0,"Tolliver, Anthony",0.07,17.17,1.0,2.0,6.17,0.324,0.83,3.5,0.238,1.17,2.67,0.438,6.0,0.043,10.5,0.83,0.83,3.5,0.238,0.17,1.0,0.167,0.67,2.5,0.267
Portland Trail Blazers,6.0,"Simons, Anfernee",0.059,14.5,0.67,1.83,4.0,0.458,1.5,3.0,0.5,0.33,1.0,0.333,6.0,0.074,18.17,1.5,3.0,6.17,0.486,1.67,3.17,0.526,1.33,3.0,0.444
Sacramento Kings,7.0,"Fox, De'Aaron",0.21,55.71,6.29,8.0,20.43,0.392,4.57,10.14,0.451,3.43,10.29,0.333,7.0,0.267,70.57,1.0,5.29,16.0,0.33,4.0,12.29,0.326,1.29,3.71,0.346
Sacramento Kings,7.0,"Bjelica, Nemanja",0.136,36.0,2.29,4.29,11.14,0.385,2.43,7.29,0.333,1.86,3.86,0.481,7.0,0.08,21.29,2.71,3.0,5.57,0.538,1.29,2.14,0.6,1.71,3.43,0.5
Sacramento Kings,7.0,"Joseph, Cory",0.096,25.43,1.71,2.29,7.86,0.291,1.43,3.86,0.37,0.86,4.0,0.214,7.0,0.105,27.86,0.43,1.71,5.29,0.324,1.43,4.0,0.357,0.29,1.29,0.222
Sacramento Kings,7.0,"Hield, Buddy",0.095,25.14,1.86,2.71,6.71,0.404,2.0,4.71,0.424,0.71,2.0,0.357,7.0,0.137,36.14,3.43,5.71,14.71,0.388,2.43,5.86,0.415,3.29,8.86,0.371
Sacramento Kings,7.0,"Bogdanovic, Bogdan",0.09,23.86,3.14,3.86,8.71,0.443,2.43,5.57,0.436,1.43,3.14,0.455,7.0,0.107,28.43,1.43,3.14,10.57,0.297,1.29,4.29,0.3,1.86,6.29,0.295
Sacramento Kings,7.0,"Barnes, Harrison",0.09,23.71,1.14,2.43,6.86,0.354,1.86,3.71,0.5,0.57,3.14,0.182,7.0,0.08,21.29,2.71,3.86,9.0,0.429,2.71,5.86,0.463,1.14,3.14,0.364
Sacramento Kings,7.0,"Ariza, Trevor",0.082,21.71,1.0,2.43,7.29,0.333,1.57,4.57,0.344,0.86,2.71,0.316,7.0,0.06,15.86,1.29,1.29,3.86,0.333,0.29,1.0,0.286,1.0,2.86,0.35
Sacramento Kings,7.0,"Dedmon, Dewayne",0.069,18.29,0.71,2.29,5.71,0.4,1.57,4.0,0.393,0.71,1.71,0.417,7.0,0.052,13.71,1.57,1.57,4.71,0.333,1.14,2.14,0.533,0.43,2.57,0.167
Sacramento Kings,4.0,"Ferrell, Yogi",0.018,8.5,0.75,1.0,4.0,0.25,1.0,3.0,0.333,0.0,1.0,0.0,4.0,0.021,9.75,0.5,1.0,2.75,0.364,0.75,1.75,0.429,0.25,1.0,0.25
Sacramento Kings,4.0,"Gabriel, Wenyen",0.015,7.0,0.75,1.0,1.25,0.8,1.0,1.0,1.0,0.0,0.25,0.0,5.0,0.015,5.4,0.2,0.4,2.6,0.154,0.2,1.4,0.143,0.2,1.2,0.167
San Antonio Spurs,5.0,"Murray, Dejounte",0.12,38.0,4.6,6.0,11.6,0.517,4.4,8.4,0.524,1.6,3.2,0.5,5.0,0.122,38.8,2.6,4.2,9.8,0.429,3.8,8.4,0.452,0.4,1.4,0.286
San Antonio Spurs,6.0,"White, Derrick",0.132,34.83,2.0,4.17,11.5,0.362,3.0,7.17,0.419,1.17,4.33,0.269,6.0,0.148,39.17,2.0,4.0,9.0,0.444,3.17,7.17,0.442,0.83,1.83,0.455
San Antonio Spurs,6.0,"Lyles, Trey",0.13,34.33,1.67,2.83,8.5,0.333,2.33,6.67,0.35,0.5,1.83,0.273,6.0,0.05,13.17,1.0,1.0,2.5,0.4,1.0,1.33,0.75,0.0,1.17,0.0
San Antonio Spurs,6.0,"DeRozan, DeMar",0.114,30.0,4.17,4.83,13.83,0.349,2.83,7.67,0.37,2.0,6.17,0.324,6.0,0.174,46.0,2.5,6.83,16.0,0.427,6.83,15.83,0.432,0.0,0.17,0.0
San Antonio Spurs,6.0,"Gay, Rudy",0.11,29.17,2.67,4.5,8.83,0.509,3.5,6.67,0.525,1.0,2.17,0.462,6.0,0.077,20.33,2.5,3.83,8.33,0.46,2.67,4.33,0.615,1.17,4.0,0.292
San Antonio Spurs,6.0,"Aldridge, LaMarcus",0.103,27.33,1.83,2.5,7.5,0.333,2.17,5.67,0.382,0.33,1.83,0.182,6.0,0.113,29.83,3.17,4.67,13.33,0.35,4.17,11.67,0.357,0.5,1.67,0.3
San Antonio Spurs,6.0,"Forbes, Bryn",0.072,19.0,1.33,2.17,6.33,0.342,1.83,5.33,0.344,0.33,1.0,0.333,6.0,0.098,26.0,3.67,4.67,11.33,0.412,2.17,4.5,0.481,2.5,6.83,0.366
San Antonio Spurs,6.0,"Mills, Patty",0.065,17.17,2.0,2.83,6.17,0.459,2.67,5.5,0.485,0.17,0.67,0.25,6.0,0.087,23.0,2.67,3.33,7.83,0.426,1.0,2.83,0.353,2.33,5.0,0.467
San Antonio Spurs,6.0,"Belinelli, Marco",0.041,10.83,1.17,1.33,3.67,0.364,1.0,2.33,0.429,0.33,1.33,0.25,6.0,0.054,14.17,1.5,1.5,5.17,0.29,1.0,2.5,0.4,0.5,2.67,0.188
San Antonio Spurs,2.0,"Carroll, DeMarre",0.009,7.0,2.0,4.0,4.5,0.889,2.0,2.0,1.0,2.0,2.5,0.8,2.0,0.01,8.0,1.0,1.0,2.5,0.4,1.0,2.0,0.5,0.0,0.5,0.0
San Antonio Spurs,3.0,"Walker IV, Lonnie",0.008,4.33,0.0,0.67,2.33,0.286,0.67,1.67,0.4,0.0,0.67,0.0,3.0,0.004,2.33,0.0,0.0,1.0,0.0,0.0,0.67,0.0,0.0,0.33,0.0
Oklahoma City Thunder,6.0,"Schroder, Dennis",0.178,53.33,4.0,6.17,16.33,0.378,4.5,10.83,0.415,1.67,5.5,0.303,6.0,0.208,62.5,1.83,5.17,13.5,0.383,4.33,9.83,0.441,0.83,3.67,0.227
Oklahoma City Thunder,6.0,"Paul, Chris",0.165,49.67,4.33,7.67,18.83,0.407,5.5,11.33,0.485,2.17,7.5,0.289,6.0,0.189,56.83,1.17,4.0,9.83,0.407,2.17,5.67,0.382,1.83,4.17,0.44
Oklahoma City Thunder,6.0,"Gilgeous-Alexander, Shai",0.121,36.33,3.33,4.83,11.33,0.426,3.67,7.17,0.512,1.17,4.17,0.28,6.0,0.163,48.83,3.0,7.17,17.67,0.406,5.33,12.83,0.416,1.83,4.83,0.379
Oklahoma City Thunder,6.0,"Gallinari, Danilo",0.11,33.17,1.33,3.5,7.33,0.477,2.83,5.5,0.515,0.67,1.83,0.364,6.0,0.107,32.0,2.83,5.17,12.83,0.403,2.5,6.5,0.385,2.67,6.33,0.421
Oklahoma City Thunder,5.0,"Muscala, Mike",0.09,32.4,1.0,2.4,8.2,0.293,1.0,4.8,0.208,1.4,3.4,0.412,5.0,0.057,20.4,0.6,0.6,4.6,0.13,0.4,1.0,0.4,0.2,3.6,0.056
Oklahoma City Thunder,6.0,"Diallo, Hamidou",0.038,11.33,0.5,0.67,2.0,0.333,0.33,1.0,0.333,0.33,1.0,0.333,6.0,0.048,14.33,2.17,3.0,7.33,0.409,2.83,5.67,0.5,0.17,1.67,0.1
Oklahoma City Thunder,6.0,"Bazley, Darius",0.034,10.17,0.5,1.0,2.5,0.4,0.5,1.83,0.273,0.5,0.67,0.75,6.0,0.036,10.67,1.67,1.67,4.0,0.417,0.83,2.17,0.385,0.83,1.83,0.455
Oklahoma City Thunder,4.0,"Nader, Abdel",0.022,9.75,0.25,0.75,2.25,0.333,0.75,1.75,0.429,0.0,0.5,0.0,4.0,0.024,10.75,0.75,1.0,3.0,0.333,0.25,1.0,0.25,0.75,2.0,0.375
Oklahoma City Thunder,5.0,"Ferguson, Terrance",0.024,8.6,1.2,1.8,3.4,0.529,0.8,1.8,0.444,1.0,1.6,0.625,5.0,0.026,9.4,1.0,1.0,3.0,0.333,0.4,1.0,0.4,0.6,2.0,0.3
Oklahoma City Thunder,3.0,"Burton, Deonte",0.013,7.67,0.0,0.33,2.33,0.143,0.33,1.33,0.25,0.0,1.0,0.0,3.0,0.013,8.0,0.33,0.67,1.67,0.4,0.0,0.33,0.0,0.67,1.33,0.5
Toronto Raptors,6.0,"Lowry, Kyle",0.22,70.5,6.83,8.67,20.5,0.423,6.33,13.67,0.463,2.33,6.83,0.341,6.0,0.248,79.5,2.5,7.0,16.17,0.433,3.33,7.0,0.476,3.67,9.17,0.4
Toronto Raptors,6.0,"VanVleet, Fred",0.188,60.33,7.17,9.5,19.5,0.487,5.5,10.67,0.516,4.0,8.83,0.453,6.0,0.21,67.33,2.0,4.33,12.67,0.342,2.17,6.83,0.317,2.17,5.83,0.371
Toronto Raptors,6.0,"Gasol, Marc",0.14,44.83,2.17,5.0,11.0,0.455,3.0,6.5,0.462,2.0,4.5,0.444,6.0,0.108,34.67,2.0,2.17,6.5,0.333,1.0,3.33,0.3,1.17,3.17,0.368
Toronto Raptors,6.0,"Siakam, Pascal",0.136,43.5,3.33,4.83,9.0,0.537,2.67,4.83,0.552,2.17,4.17,0.52,6.0,0.152,48.67,5.17,9.17,18.67,0.491,7.0,13.5,0.519,2.17,5.17,0.419
Toronto Raptors,6.0,"Ibaka, Serge",0.089,28.67,0.67,2.0,4.0,0.5,1.67,2.83,0.588,0.33,1.17,0.286,6.0,0.079,25.33,4.67,4.83,10.17,0.475,4.17,8.17,0.51,0.67,2.0,0.333
Toronto Raptors,6.0,"Anunoby, OG",0.081,26.0,1.17,2.33,5.83,0.4,1.0,2.83,0.353,1.33,3.0,0.444,6.0,0.069,22.0,4.17,4.33,7.5,0.578,2.67,4.0,0.667,1.67,3.5,0.476
Toronto Raptors,6.0,"Powell, Norman",0.065,20.67,1.5,1.67,6.5,0.256,0.67,3.17,0.211,1.0,3.33,0.3,6.0,0.07,22.5,1.67,2.5,7.0,0.357,1.33,3.0,0.444,1.17,4.0,0.292
Toronto Raptors,2.0,"McCaw, Patrick",0.021,20.5,1.0,2.0,7.0,0.286,1.5,3.5,0.429,0.5,3.5,0.143,2.0,0.017,16.0,1.5,1.5,2.5,0.6,1.0,1.0,1.0,0.5,1.5,0.333
Toronto Raptors,5.0,"Davis, Terence",0.027,10.4,0.8,1.2,3.4,0.353,0.8,1.4,0.571,0.4,2.0,0.2,5.0,0.022,8.6,0.4,0.4,1.8,0.222,0.0,0.6,0.0,0.4,1.2,0.333
Toronto Raptors,3.0,"Thomas, Matt",0.01,6.33,0.0,0.0,1.67,0.0,0.0,0.33,0.0,0.0,1.33,0.0,2.0,0.008,8.0,2.0,2.0,3.0,0.667,0.5,0.5,1.0,1.5,2.5,0.6
Toronto Raptors,4.0,"Boucher, Chris",0.012,5.75,0.0,0.25,1.0,0.25,0.0,0.25,0.0,0.25,0.75,0.333,4.0,0.008,3.75,0.0,0.0,1.25,0.0,0.0,1.0,0.0,0.0,0.25,0.0
Utah Jazz,7.0,"Conley, Mike",0.155,41.57,4.0,4.86,11.14,0.436,3.57,7.43,0.481,1.29,3.71,0.346,7.0,0.192,51.43,1.14,3.57,13.0,0.275,2.14,7.57,0.283,1.43,5.43,0.263
Utah Jazz,7.0,"Ingles, Joe",0.127,34.0,3.57,6.0,13.0,0.462,4.0,8.43,0.475,2.0,4.57,0.438,7.0,0.115,30.71,1.29,2.29,5.86,0.39,0.71,1.43,0.5,1.57,4.43,0.355
Utah Jazz,7.0,"O'Neale, Royce",0.118,31.57,2.0,3.71,10.14,0.366,2.29,5.86,0.39,1.43,4.29,0.333,7.0,0.088,23.57,2.43,2.43,4.57,0.531,1.57,2.43,0.647,0.86,2.14,0.4
Utah Jazz,6.0,"Mudiay, Emmanuel",0.092,28.83,3.5,5.17,10.5,0.492,2.83,6.33,0.447,2.33,4.17,0.56,6.0,0.116,36.17,1.17,3.67,8.33,0.44,3.33,6.5,0.513,0.33,1.83,0.182
Utah Jazz,7.0,"Mitchell, Donovan",0.105,28.29,3.0,4.14,9.71,0.426,3.0,5.71,0.525,1.14,4.0,0.286,7.0,0.169,45.43,3.43,8.86,18.57,0.477,7.14,14.71,0.485,1.71,3.86,0.444
Utah Jazz,6.0,"Bogdanovic, Bojan",0.076,23.67,1.83,3.0,6.5,0.462,1.83,3.67,0.5,1.17,2.83,0.412,6.0,0.103,32.33,5.33,6.5,14.83,0.438,3.5,8.17,0.429,3.0,6.67,0.45
Utah Jazz,7.0,"Green, Jeff",0.055,14.71,0.57,1.71,3.29,0.522,1.43,2.43,0.588,0.29,0.86,0.333,7.0,0.056,15.14,1.43,1.86,6.14,0.302,0.43,3.0,0.143,1.43,3.14,0.455
Utah Jazz,6.0,"Niang, Georges",0.026,8.17,0.5,0.83,2.83,0.294,0.33,1.67,0.2,0.5,1.17,0.429,6.0,0.025,7.83,1.0,1.17,2.5,0.467,0.5,0.67,0.75,0.67,1.83,0.364
Utah Jazz,2.0,"Kidd, Stanton",0.006,5.5,0.5,0.5,1.0,0.5,0.5,0.5,1.0,0.0,0.5,0.0,2.0,0.007,6.5,0.0,0.0,1.5,0.0,0.0,1.0,0.0,0.0,0.5,0.0
Memphis Grizzlies,5.0,"Morant, Ja",0.156,48.6,5.4,6.4,16.0,0.4,4.0,10.0,0.4,2.4,6.0,0.4,5.0,0.202,63.0,3.0,7.2,15.2,0.474,6.2,13.2,0.47,1.0,2.0,0.5
Memphis Grizzlies,5.0,"Jones, Tyus",0.13,40.6,4.6,5.8,12.2,0.475,4.6,6.6,0.697,1.2,5.6,0.214,5.0,0.155,48.4,1.2,2.4,7.8,0.308,2.2,5.8,0.379,0.2,2.0,0.1
Memphis Grizzlies,5.0,"Valanciunas, Jonas",0.116,36.2,1.8,3.0,7.2,0.417,2.2,5.2,0.423,0.8,2.0,0.4,5.0,0.08,25.0,2.8,3.6,8.6,0.419,2.8,6.6,0.424,0.8,2.0,0.4
Memphis Grizzlies,5.0,"Clarke, Brandon",0.104,32.6,0.8,1.4,7.0,0.2,0.6,4.0,0.15,0.8,3.0,0.267,5.0,0.074,23.2,3.8,4.0,7.8,0.513,3.6,6.6,0.545,0.4,1.2,0.333
Memphis Grizzlies,5.0,"Crowder, Jae",0.095,29.6,3.0,3.8,8.6,0.442,3.4,6.8,0.5,0.4,1.8,0.222,5.0,0.098,30.6,1.6,2.0,8.8,0.227,0.6,2.2,0.273,1.4,6.6,0.212
Memphis Grizzlies,5.0,"Jackson Jr., Jaren",0.082,25.6,0.8,1.6,6.2,0.258,1.2,4.6,0.261,0.4,1.6,0.25,5.0,0.081,25.2,3.4,4.2,10.4,0.404,3.2,6.6,0.485,1.0,3.8,0.263
Memphis Grizzlies,5.0,"Anderson, Kyle",0.076,23.8,2.0,3.0,8.6,0.349,2.2,5.8,0.379,0.8,2.8,0.286,5.0,0.058,18.0,1.8,2.2,5.2,0.423,2.0,4.4,0.455,0.2,0.8,0.25
Memphis Grizzlies,3.0,"Hill, Solomon",0.043,22.33,1.67,2.67,8.0,0.333,2.33,6.0,0.389,0.33,2.0,0.167,3.0,0.035,18.33,2.0,2.67,5.67,0.471,1.33,3.0,0.444,1.33,2.67,0.5
Memphis Grizzlies,5.0,"Brooks, Dillon",0.07,21.8,1.8,2.8,7.0,0.4,2.2,4.6,0.478,0.6,2.4,0.25,5.0,0.081,25.2,3.2,4.0,10.0,0.4,2.2,6.0,0.367,1.8,4.0,0.45
Memphis Grizzlies,5.0,"Guduric, Marko",0.053,16.4,1.6,2.6,6.6,0.394,2.0,5.0,0.4,0.6,1.6,0.375,5.0,0.053,16.6,1.0,1.2,4.4,0.273,1.0,2.2,0.455,0.2,2.2,0.091
Memphis Grizzlies,5.0,"Allen, Grayson",0.046,14.4,1.6,2.0,3.6,0.556,1.6,2.6,0.615,0.4,1.0,0.4,5.0,0.058,18.0,1.8,2.0,7.4,0.27,1.0,3.8,0.263,1.0,3.6,0.278
Memphis Grizzlies,3.0,"Caboclo, Bruno",0.017,9.0,0.0,0.0,1.67,0.0,0.0,0.67,0.0,0.0,1.0,0.0,3.0,0.015,7.67,0.33,0.33,2.67,0.125,0.33,1.67,0.2,0.0,1.0,0.0
Washington Wizards,5.0,"Smith, Ish",0.154,49.6,4.0,6.2,14.0,0.443,3.6,7.4,0.486,2.6,6.6,0.394,5.0,0.164,53.0,1.2,3.4,8.6,0.395,2.8,6.0,0.467,0.6,2.6,0.231
Washington Wizards,5.0,"Bryant, Thomas",0.15,48.4,2.6,3.6,9.6,0.375,3.0,7.2,0.417,0.6,2.4,0.25,5.0,0.11,35.4,3.4,4.0,10.2,0.392,3.2,7.0,0.457,0.8,3.2,0.25
Washington Wizards,5.0,"Beal, Bradley",0.146,47.2,6.4,8.2,17.4,0.471,6.8,13.6,0.5,1.4,3.8,0.368,5.0,0.204,66.0,3.6,8.2,22.8,0.36,5.2,13.8,0.377,3.0,9.0,0.333
Washington Wizards,2.0,"Chiozza, Chris",0.055,44.0,3.5,5.5,17.0,0.324,3.0,8.0,0.375,2.5,9.0,0.278,2.0,0.06,48.5,1.0,1.0,3.5,0.286,0.0,1.5,0.0,1.0,2.0,0.5
Washington Wizards,3.0,"Thomas, Isaiah",0.072,38.67,7.0,8.33,17.0,0.49,4.67,10.0,0.467,3.67,7.0,0.524,3.0,0.094,50.33,2.33,5.67,11.67,0.486,3.0,6.33,0.474,2.67,5.33,0.5
Washington Wizards,1.0,"McRae, Jordan",0.02,33.0,3.0,3.0,8.0,0.375,1.0,3.0,0.333,2.0,5.0,0.4,1.0,0.02,33.0,2.0,3.0,8.0,0.375,2.0,5.0,0.4,1.0,3.0,0.333
Washington Wizards,5.0,"Wagner, Moritz",0.095,30.8,0.4,1.8,5.2,0.346,1.0,3.0,0.333,0.8,2.2,0.364,5.0,0.071,23.0,3.6,4.2,7.0,0.6,3.2,4.6,0.696,1.0,2.4,0.417
Washington Wizards,5.0,"Hachimura, Rui",0.092,29.6,1.2,3.0,6.6,0.455,1.8,2.8,0.643,1.2,3.8,0.316,5.0,0.091,29.4,3.6,5.4,13.2,0.409,4.8,10.6,0.453,0.6,2.6,0.231
Washington Wizards,5.0,"Bertans, Davis",0.077,25.0,1.4,3.0,7.2,0.417,2.2,4.8,0.458,0.8,2.4,0.333,5.0,0.067,21.6,4.2,4.4,9.4,0.468,1.0,2.2,0.455,3.4,7.2,0.472
Washington Wizards,5.0,"Bonga, Isaac",0.076,24.6,2.2,3.0,6.4,0.469,1.6,3.0,0.533,1.4,3.4,0.412,5.0,0.058,18.8,1.8,2.0,3.8,0.526,1.8,3.0,0.6,0.2,0.8,0.25
Washington Wizards,2.0,"Brown Jr., Troy",0.022,17.5,1.0,2.5,6.0,0.417,2.0,5.0,0.4,0.5,1.0,0.5,2.0,0.017,14.0,2.0,3.5,6.0,0.583,2.5,3.5,0.714,1.0,2.5,0.4
Washington Wizards,2.0,"Robinson, Justin",0.016,13.0,1.0,2.0,3.5,0.571,1.5,2.0,0.75,0.5,1.5,0.333,2.0,0.016,13.0,0.5,1.0,2.0,0.5,0.5,1.5,0.333,0.5,0.5,1.0
Washington Wizards,4.0,"Schofield, Admiral",0.019,7.75,0.25,0.25,2.0,0.125,0.25,1.25,0.2,0.0,0.75,0.0,4.0,0.02,8.0,1.5,1.75,3.0,0.583,0.75,1.25,0.6,1.0,1.75,0.571
Detroit Pistons,7.0,"Drummond, Andre",0.17,47.57,2.29,4.0,11.86,0.337,3.29,9.86,0.333,0.71,2.0,0.357,7.0,0.136,38.14,4.86,6.14,12.29,0.5,6.14,11.71,0.524,0.0,0.57,0.0
Detroit Pistons,6.0,"Rose, Derrick",0.126,41.0,6.33,7.67,15.5,0.495,3.83,7.33,0.523,3.83,8.17,0.469,6.0,0.169,55.17,1.5,7.83,15.33,0.511,7.67,14.67,0.523,0.17,0.67,0.25
Detroit Pistons,6.0,"Frazier, Tim",0.102,33.17,3.33,4.0,9.83,0.407,2.67,5.83,0.457,1.33,4.0,0.333,6.0,0.115,37.67,0.5,1.33,5.5,0.242,0.83,4.0,0.208,0.5,1.5,0.333
Detroit Pistons,2.0,"Jackson, Reggie",0.033,32.0,4.0,4.5,11.5,0.391,3.5,8.0,0.438,1.0,3.5,0.286,2.0,0.035,34.5,1.0,2.0,5.0,0.4,1.5,3.0,0.5,0.5,2.0,0.25
Detroit Pistons,7.0,"Kennard, Luke",0.107,29.86,3.71,5.43,11.29,0.481,4.43,8.0,0.554,1.0,3.29,0.304,7.0,0.127,35.43,3.0,5.14,12.43,0.414,2.29,5.86,0.39,2.86,6.57,0.435
Detroit Pistons,7.0,"Brown, Bruce",0.104,29.14,1.57,2.29,7.29,0.314,1.86,4.71,0.394,0.43,2.57,0.167,7.0,0.11,30.86,1.57,2.43,6.57,0.37,2.0,5.0,0.4,0.43,1.57,0.273
Detroit Pistons,7.0,"Morris, Markieff",0.099,27.71,1.71,3.14,7.29,0.431,2.29,5.0,0.457,0.86,2.29,0.375,7.0,0.099,27.71,3.57,4.14,10.0,0.414,2.86,6.14,0.465,1.29,3.86,0.333
Detroit Pistons,7.0,"Snell, Tony",0.093,26.0,2.14,3.71,7.86,0.473,2.57,5.43,0.474,1.14,2.43,0.471,7.0,0.065,18.29,2.29,2.57,6.29,0.409,1.0,2.14,0.467,1.57,4.14,0.379
Detroit Pistons,7.0,"Galloway, Langston",0.057,15.86,1.29,2.29,5.29,0.432,1.57,3.86,0.407,0.71,1.43,0.5,7.0,0.066,18.43,2.29,2.71,7.71,0.352,1.14,3.43,0.333,1.57,4.29,0.367
Detroit Pistons,7.0,"Maker, Thon",0.056,15.71,0.43,1.14,3.0,0.381,1.0,2.14,0.467,0.14,0.86,0.167,6.0,0.033,10.83,0.83,1.0,3.5,0.286,0.83,2.5,0.333,0.17,1.0,0.167
Detroit Pistons,6.0,"Wood, Christian",0.044,14.5,0.0,1.5,2.83,0.529,1.5,2.5,0.6,0.0,0.33,0.0,6.0,0.034,11.17,2.17,2.17,4.17,0.52,1.33,2.5,0.533,0.83,1.67,0.5
Charlotte Hornets,6.0,"Rozier, Terry",0.187,58.0,5.83,6.83,15.83,0.432,5.0,10.0,0.5,1.83,5.83,0.314,6.0,0.224,69.33,2.33,4.83,12.5,0.387,2.83,6.83,0.415,2.0,5.67,0.353
Charlotte Hornets,6.0,"Graham, Devonte'",0.182,56.5,6.83,8.67,18.33,0.473,5.83,11.17,0.522,2.83,7.17,0.395,6.0,0.217,67.33,2.0,4.33,10.83,0.4,1.5,4.83,0.31,2.83,6.0,0.472
Charlotte Hornets,5.0,"Zeller, Cody",0.136,50.6,1.6,3.6,10.6,0.34,2.0,5.6,0.357,1.6,5.0,0.32,5.0,0.082,30.4,3.8,4.0,8.4,0.476,3.2,6.0,0.533,0.8,2.4,0.333
Charlotte Hornets,6.0,"Washington, P.J.",0.126,39.0,1.17,2.0,7.17,0.279,1.0,4.17,0.24,1.0,3.0,0.333,6.0,0.097,30.0,5.17,5.33,10.17,0.525,3.0,5.5,0.545,2.33,4.67,0.5
Charlotte Hornets,6.0,"Bacon, Dwayne",0.089,27.5,2.0,2.83,7.0,0.405,1.0,3.5,0.286,1.83,3.5,0.524,6.0,0.111,34.33,2.33,4.67,13.17,0.354,3.83,9.67,0.397,0.83,3.5,0.238
Charlotte Hornets,6.0,"Bridges, Miles",0.087,26.83,2.17,3.17,6.67,0.475,1.17,3.17,0.368,2.0,3.5,0.571,6.0,0.091,28.17,2.33,4.17,10.5,0.397,2.5,6.0,0.417,1.67,4.5,0.37
Charlotte Hornets,6.0,"Williams, Marvin",0.052,16.0,0.67,1.67,3.5,0.476,1.0,1.67,0.6,0.67,1.83,0.364,6.0,0.045,14.0,2.17,2.33,4.83,0.483,0.67,1.33,0.5,1.67,3.5,0.476
Charlotte Hornets,6.0,"Monk, Malik",0.046,14.33,2.0,2.67,5.67,0.471,1.83,3.17,0.579,0.83,2.5,0.333,6.0,0.065,20.0,2.33,3.17,6.67,0.475,2.0,3.17,0.632,1.17,3.5,0.333
Charlotte Hornets,5.0,"Martin, Cody",0.019,7.0,0.2,0.8,2.4,0.333,0.4,1.4,0.286,0.4,1.0,0.4,5.0,0.016,5.8,0.4,0.4,1.4,0.286,0.4,0.8,0.5,0.0,0.6,0.0
Charlotte Hornets,2.0,"Martin, Caleb",0.006,6.0,1.5,1.5,3.0,0.5,1.5,2.5,0.6,0.0,0.5,0.0,2.0,0.009,8.5,0.5,1.0,4.0,0.25,1.0,3.0,0.333,0.0,1.0,0.0
