Playtype,Team,GP,Poss,Time,Points,FGM,FGA,PPP,WorsePPP,BetterPPP,FG,aFG,FT,TO,SF,PlusOne,Score
Transition,Oklahoma City Thunder,55,974,15.896800041199,1050,399,749,1.0780299901962,15,14,53.271028037383,59.145527369826,13.552361396304,12.833675564682,13.039014373717,3.6960985626283,49.897330595483
Transition,Indiana Pacers,55,963,16.416599273682,1068,407,740,1.109030008316,19,10,55.0,61.148648648649,12.253374870197,13.18795430945,10.903426791277,2.3883696780893,51.713395638629
Transition,Philadelphia 76ers,51,925,16.19109916687,957,349,704,1.0345900058746,6,23,49.573863636364,58.025568181818,10.162162162162,14.918918918919,8.7567567567568,1.1891891891892,46.054054054054
Transition,Toronto Raptors,53,909,15.648099899292,1038,378,708,1.1419099569321,25,4,53.389830508475,60.522598870056,13.861386138614,11.771177117712,12.541254125413,3.5203520352035,51.595159515952
Transition,Orlando Magic,53,943,16.258600234985,1049,402,723,1.1124099493027,21,8,55.601659751037,61.825726141079,12.725344644751,13.679745493107,11.770943796394,3.287380699894,51.113467656416
Transition,Portland Trail Blazers,54,576,9.8816299438477,594,230,447,1.03125,4,25,51.454138702461,56.040268456376,11.111111111111,13.194444444444,9.0277777777778,1.9097222222222,48.784722222222
Transition,Utah Jazz,53,747,13.358400344849,838,306,561,1.1218199729919,23,6,54.545454545455,61.319073083779,13.520749665328,14.457831325301,12.048192771084,3.2128514056225,50.736278447122
Transition,Los Angeles Clippers,52,870,15.196499824524,919,325,614,1.0563199520111,10,19,52.931596091205,57.247557003257,17.816091954023,14.827586206897,15.862068965517,3.2183908045977,51.264367816092
Transition,Milwaukee Bucks,53,1034,18.71489906311,1159,416,776,1.1208900213242,22,7,53.60824742268,59.664948453608,16.05415860735,11.992263056093,15.280464216634,3.2882011605416,52.127659574468
Transition,Sacramento Kings,53,760,13.520700454712,816,317,602,1.0736800432205,12,17,52.65780730897,58.637873754153,11.973684210526,12.5,11.052631578947,3.8157894736842,49.473684210526
Transition,Los Angeles Lakers,53,1201,19.782600402832,1240,479,896,1.0324699878693,5,24,53.459821428571,58.370535714286,13.488759367194,15.570358034971,12.489592006661,3.7468776019983,48.792672772689
Transition,Brooklyn Nets,55,873,14.375100135803,851,298,658,0.97479999065399,0,29,45.288753799392,52.58358662614,13.287514318442,14.776632302405,11.912943871707,3.5509736540664,43.413516609393
Transition,Atlanta Hawks,54,621,10.624500274658,673,256,482,1.0837399959564,17,12,53.112033195021,60.995850622407,9.8228663446055,14.814814814815,8.8566827697262,2.2544283413849,48.792270531401
Transition,Detroit Pistons,52,867,15.543199539185,963,373,706,1.1107300519943,20,9,52.832861189802,60.623229461756,9.3425605536332,11.418685121107,8.0738177623991,2.1914648212226,49.59630911188
Transition,Chicago Bulls,53,770,13.234800338745,833,303,608,1.0818200111389,16,13,49.835526315789,56.907894736842,13.376623376623,11.298701298701,11.948051948052,3.6363636363636,48.441558441558
Transition,Minnesota Timberwolves,56,756,12.475199699402,824,309,592,1.089949965477,18,11,52.195945945946,56.672297297297,13.624338624339,11.507936507937,12.566137566138,3.4391534391534,50.661375661376
Transition,Washington Wizards,54,894,15.204099655151,1043,372,680,1.1666699647903,26,3,54.705882352941,62.867647058824,15.995525727069,11.073825503356,13.422818791946,3.2438478747204,52.908277404922
Transition,Phoenix Suns,55,1023,16.609800338745,1069,397,767,1.044970035553,9,20,51.760104302477,56.910039113429,15.24926686217,13.685239491691,13.587487781036,3.9100684261975,49.169110459433
Transition,Denver Nuggets,54,861,14.494899749756,928,348,641,1.077819943428,14,15,54.290171606864,61.466458658346,12.427409988386,15.911730545877,11.614401858304,2.787456445993,49.361207897793
Transition,New York Knicks,55,717,11.912300109863,743,290,574,1.036260008812,7,22,50.522648083624,56.358885017422,9.3444909344491,12.691771269177,8.0892608089261,2.231520223152,47.280334728033
Transition,Dallas Mavericks,54,599,10.645099639893,610,225,467,1.0183600187302,1,28,48.179871520343,56.638115631692,11.18530884808,13.689482470785,9.6828046744574,2.8380634390651,45.409015025042
Transition,Miami Heat,54,644,11.359999656677,663,251,500,1.0295000076294,3,26,50.2,56.0,11.645962732919,13.975155279503,10.403726708075,3.416149068323,47.049689440994
Transition,Memphis Grizzlies,53,786,14.10120010376,843,314,598,1.0725200176239,11,18,52.508361204013,57.190635451505,16.030534351145,12.086513994911,15.267175572519,4.4529262086514,50.763358778626
Transition,San Antonio Spurs,55,642,11.057499885559,669,242,502,1.0420600175858,8,21,48.207171314741,55.478087649402,12.305295950156,11.370716510903,10.903426791277,2.0249221183801,47.196261682243
Transition,Charlotte Hornets,53,708,12.083999633789,834,300,558,1.1779700517654,28,1,53.763440860215,60.573476702509,16.242937853107,9.7457627118644,14.406779661017,4.8022598870056,53.389830508475
Transition,New Orleans Pelicans,53,943,16.155599594116,1016,388,710,1.0774099826813,13,16,54.647887323944,61.12676056338,11.664899257688,15.270413573701,10.286320254507,2.2269353128314,50.159066808059
Transition,Golden State Warriors,54,1145,19.347799301147,1346,484,841,1.1755499839783,27,2,57.550535077289,66.527942925089,13.711790393013,15.633187772926,12.838427947598,2.882096069869,52.489082969432
Transition,Boston Celtics,55,825,14.080900192261,846,300,631,1.0254499912262,2,27,47.543581616482,54.992076069731,13.575757575758,12.121212121212,12.363636363636,2.1818181818182,46.545454545455
Transition,Houston Rockets,52,833,14.725099563599,1009,356,670,1.2112799882889,29,0,53.134328358209,64.925373134328,11.884753901561,10.924369747899,10.564225690276,3.2412965186074,50.660264105642
Transition,Cleveland Cavaliers,52,944,16.90539932251,1060,368,704,1.1228799819946,24,5,52.272727272727,59.517045454545,15.783898305085,12.923728813559,14.830508474576,3.4957627118644,50.741525423729
Isolation,Chicago Bulls,53,276,4.7438998222351,217,90,238,0.78623199462891,1,28,37.81512605042,40.336134453782,7.2463768115942,7.9710144927536,6.5217391304348,1.4492753623188,37.68115942029
Isolation,Oklahoma City Thunder,55,698,11.392200469971,632,237,577,0.90544402599335,19,10,41.07452339688,44.71403812825,13.037249283668,7.0200573065903,12.177650429799,2.865329512894,43.266475644699
Isolation,Los Angeles Clippers,52,414,7.2326998710632,427,145,332,1.0313999652863,28,1,43.674698795181,50.753012048193,14.009661835749,7.7294685990338,12.56038647343,1.9323671497585,46.618357487923
Isolation,Toronto Raptors,53,330,5.6808400154114,321,117,271,0.97272700071335,26,3,43.173431734317,46.863468634686,13.333333333333,7.5757575757576,12.121212121212,3.030303030303,45.454545454545
Isolation,New York Knicks,55,435,7.2271099090576,364,145,373,0.83678197860718,5,24,38.87399463807,41.823056300268,8.5057471264368,7.5862068965517,8.0459770114943,1.8390804597701,39.770114942529
Isolation,Los Angeles Lakers,53,387,6.3745698928833,337,128,305,0.87080097198486,11,18,41.967213114754,44.426229508197,12.403100775194,11.369509043928,11.627906976744,2.5839793281654,41.602067183463
Isolation,Sacramento Kings,53,381,6.7781500816345,351,133,319,0.92125999927521,23,6,41.692789968652,44.984326018809,12.860892388451,6.5616797900262,11.548556430446,3.1496062992126,44.356955380577
Isolation,Milwaukee Bucks,53,418,7.5656099319458,401,150,339,0.95933002233505,25,4,44.247787610619,46.607669616519,14.354066985646,9.0909090909091,13.157894736842,4.3062200956938,45.215311004785
Isolation,Miami Heat,55,323,5.5959801673889,277,106,264,0.85758501291275,7,22,40.151515151515,43.560606060606,10.216718266254,10.526315789474,8.359133126935,2.4767801857585,40.557275541796
Isolation,Washington Wizards,54,470,7.9931998252869,436,164,375,0.92765998840332,24,5,43.733333333333,45.6,15.106382978723,8.0851063829787,14.042553191489,2.9787234042553,46.595744680851
Isolation,Indiana Pacers,55,380,6.4780101776123,336,130,320,0.88421100378036,15,14,40.625,43.75,10.526315789474,6.3157894736842,9.4736842105263,1.3157894736842,43.421052631579
Isolation,New Orleans Pelicans,53,431,7.3839302062988,396,156,354,0.9187930226326,22,7,44.067796610169,47.033898305085,11.136890951276,9.9767981438515,10.208816705336,3.2482598607889,43.619489559165
Isolation,San Antonio Spurs,56,271,4.5769300460815,226,88,218,0.83394801616669,4,25,40.366972477064,41.743119266055,12.177121771218,9.9630996309963,11.070110701107,2.5830258302583,41.328413284133
Isolation,Utah Jazz,54,363,6.3751301765442,319,120,296,0.87878799438477,13,16,40.540540540541,45.777027027027,9.6418732782369,11.845730027548,9.0909090909091,3.030303030303,38.842975206612
Isolation,Atlanta Hawks,54,322,5.5089797973633,294,110,271,0.91304302215576,21,8,40.590405904059,43.542435424354,12.422360248447,6.832298136646,11.180124223602,3.416149068323,42.857142857143
Isolation,Charlotte Hornets,53,309,5.2739400863647,269,104,264,0.87054997682571,10,19,39.393939393939,41.287878787879,12.297734627832,4.8543689320388,11.650485436893,2.588996763754,42.718446601942
Isolation,Philadelphia 76ers,51,234,4.095920085907,202,86,187,0.86324799060822,9,20,45.989304812834,46.791443850267,9.8290598290598,11.965811965812,7.6923076923077,1.7094017094017,44.444444444444
Isolation,Dallas Mavericks,54,563,10.005299568176,474,182,465,0.84191799163818,6,23,39.139784946237,41.505376344086,11.01243339254,8.8809946714032,9.7690941385435,2.4866785079929,40.319715808171
Isolation,Minnesota Timberwolves,57,526,8.52649974823,463,171,432,0.88022798299789,14,15,39.583333333333,42.708333333333,11.787072243346,7.6045627376426,10.456273764259,1.5209125475285,42.585551330798
Isolation,Brooklyn Nets,56,437,7.0654802322388,383,135,339,0.87642997503281,12,17,39.823008849558,42.920353982301,15.33180778032,10.297482837529,13.729977116705,3.2036613272311,42.79176201373
Isolation,Denver Nuggets,54,405,6.8181800842285,313,113,328,0.77283900976181,0,29,34.451219512195,37.19512195122,11.358024691358,9.1358024691358,10.37037037037,1.4814814814815,37.037037037037
Isolation,Orlando Magic,53,327,5.6379299163818,282,105,249,0.86238497495651,8,21,42.168674698795,44.176706827309,12.232415902141,13.761467889908,11.009174311927,2.1406727828746,41.896024464832
Isolation,Portland Trail Blazers,54,477,8.183219909668,425,143,377,0.89098501205444,17,12,37.931034482759,41.909814323607,12.997903563941,9.643605870021,12.159329140461,1.6771488469602,41.299790356394
Isolation,Phoenix Suns,56,393,6.264949798584,326,112,312,0.82951700687408,2,27,35.897435897436,39.423076923077,13.740458015267,8.1424936386768,13.23155216285,1.2722646310433,40.712468193384
Isolation,Detroit Pistons,53,368,6.4686198234558,306,118,306,0.83152198791504,3,26,38.562091503268,41.339869281046,13.04347826087,6.7934782608696,12.771739130435,3.2608695652174,40.217391304348
Isolation,Memphis Grizzlies,54,373,6.5703701972961,332,120,308,0.89007997512817,16,13,38.961038961039,42.532467532468,11.528150134048,8.0428954423592,10.991957104558,2.1447721179625,41.554959785523
Isolation,Houston Rockets,53,775,13.473600387573,890,283,626,1.1483900547028,29,0,45.207667731629,55.111821086262,15.612903225806,6.7096774193548,13.806451612903,3.2258064516129,48.645161290323
Isolation,Cleveland Cavaliers,53,588,10.319399833679,527,206,499,0.8962590098381,18,11,41.282565130261,45.691382765531,10.034013605442,8.5034013605442,9.0136054421769,3.4013605442177,41.326530612245
Isolation,Boston Celtics,55,497,8.4826803207397,453,171,420,0.91146898269653,20,9,40.714285714286,44.642857142857,10.261569416499,6.6398390342052,9.2555331991952,1.4084507042254,43.058350100604
Isolation,Golden State Warriors,54,368,6.2183198928833,360,135,294,0.97826099395752,27,2,45.918367346939,50.680272108844,10.326086956522,11.141304347826,8.9673913043478,1.6304347826087,44.836956521739
PRBallHandler,Los Angeles Clippers,52,1173,20.492700576782,968,359,909,0.82523399591446,11,18,39.493949394939,44.444444444444,8.9514066496164,14.748508098892,6.9053708439898,1.1935208866155,38.107416879795
PRBallHandler,Chicago Bulls,53,1001,17.205200195312,810,324,782,0.80919098854065,7,22,41.432225063939,45.716112531969,6.8931068931069,16.683316683317,6.5934065934066,1.6983016983017,37.162837162837
PRBallHandler,Toronto Raptors,53,1191,20.502700805664,1064,377,891,0.8933669924736,24,5,42.312008978676,46.015712682379,13.43408900084,14.357682619647,12.090680100756,2.6028547439127,42.4013434089
PRBallHandler,Oklahoma City Thunder,55,1125,18.361400604248,942,372,865,0.83733302354813,15,14,43.005780346821,46.589595375723,8.6222222222222,16.444444444444,7.4666666666667,1.9555555555556,39.288888888889
PRBallHandler,Los Angeles Lakers,53,934,15.384599685669,682,272,705,0.73019301891327,0,29,38.581560283688,40.780141843972,9.3147751605996,16.702355460385,8.1370449678801,1.4989293361884,35.76017130621
PRBallHandler,New York Knicks,55,946,15.716899871826,757,312,749,0.80021101236343,3,26,41.655540720961,43.991989319092,6.6596194503171,15.116279069767,5.9196617336152,1.0570824524313,38.477801268499
PRBallHandler,Memphis Grizzlies,54,1071,18.865600585938,938,357,829,0.87581700086594,22,7,43.063932448733,47.466827503016,9.4304388422035,14.752567693744,7.65639589169,1.6806722689076,40.709617180205
PRBallHandler,Brooklyn Nets,56,1080,17.461599349976,891,321,800,0.82499998807907,10,19,40.125,45.125,10.0,17.314814814815,8.2407407407407,1.3888888888889,38.240740740741
PRBallHandler,Atlanta Hawks,54,1293,22.121500015259,995,381,972,0.76952797174454,1,28,39.197530864198,42.232510288066,8.8940448569219,17.169373549884,7.1925754060325,1.2374323279196,36.890951276102
PRBallHandler,Indiana Pacers,55,1059,18.053199768066,975,395,837,0.9206799864769,27,2,47.192353643967,50.776583034648,8.2152974504249,14.258734655335,7.176581680831,1.5108593012276,43.626062322946
PRBallHandler,Washington Wizards,54,859,14.608799934387,719,290,666,0.83701997995377,14,15,43.543543543544,46.321321321321,8.1490104772992,16.414435389988,6.9848661233993,2.0954598370198,39.580908032596
PRBallHandler,Orlando Magic,53,1003,17.293100357056,827,320,747,0.82452601194382,9,20,42.838018741633,45.850066934404,10.568295114656,17.048853439681,9.0727816550349,2.2931206380857,39.38185443669
PRBallHandler,Denver Nuggets,54,820,13.804699897766,689,268,645,0.84024399518967,16,13,41.550387596899,45.503875968992,8.780487804878,15.243902439024,7.9268292682927,2.8048780487805,38.292682926829
PRBallHandler,Charlotte Hornets,53,1139,19.440200805664,1003,349,881,0.8805969953537,23,6,39.614074914869,44.551645856981,12.291483757682,12.379280070237,10.886742756804,2.1949078138718,40.474100087796
PRBallHandler,Phoenix Suns,56,1221,19.464399337769,984,370,924,0.80589699745178,5,24,40.04329004329,42.857142857143,9.9099099099099,15.642915642916,8.4357084357084,1.3923013923014,38.411138411138
PRBallHandler,Minnesota Timberwolves,57,1197,19.403499603271,1031,396,926,0.86132001876831,20,9,42.764578833693,45.302375809935,10.359231411863,13.868003341688,8.9390142021721,1.5873015873016,41.604010025063
PRBallHandler,Portland Trail Blazers,54,1276,21.89049911499,1220,458,1023,0.95611298084259,28,1,44.770283479961,50.439882697947,8.8557993730408,12.774294670846,7.2100313479624,1.8025078369906,42.711598746082
PRBallHandler,Sacramento Kings,53,929,16.527299880981,745,299,702,0.80193799734116,4,25,42.592592592593,46.296296296296,7.4273412271259,18.622174381055,5.7050592034446,1.6146393972013,37.45963401507
PRBallHandler,Detroit Pistons,53,847,14.88840007782,728,299,691,0.85950398445129,19,10,43.270622286541,45.513748191027,7.556080283353,12.278630460449,7.4380165289256,1.4167650531287,41.204250295159
PRBallHandler,Utah Jazz,54,1198,21.039699554443,932,362,893,0.77796298265457,2,27,40.53751399776,44.176931690929,7.4290484140234,19.115191986644,5.7595993322204,1.085141903172,36.393989983306
PRBallHandler,Milwaukee Bucks,53,858,15.529399871826,723,280,637,0.84265702962875,17,12,43.956043956044,46.232339089482,10.606060606061,17.016317016317,9.3240093240093,1.8648018648019,41.025641025641
PRBallHandler,San Antonio Spurs,56,956,16.145900726318,771,316,717,0.80648499727249,6,23,44.072524407252,46.861924686192,6.5899581589958,19.665271966527,5.6485355648536,1.255230125523,38.284518828452
PRBallHandler,Miami Heat,55,985,17.065099716187,831,339,742,0.84365499019623,18,11,45.687331536388,47.574123989218,9.8477157360406,17.258883248731,8.2233502538071,2.4365482233503,41.421319796954
PRBallHandler,Philadelphia 76ers,51,647,11.324999809265,537,229,504,0.82998502254486,13,16,45.436507936508,47.02380952381,8.1916537867079,15.455950540958,6.9551777434312,1.5455950540958,40.80370942813
PRBallHandler,Dallas Mavericks,54,994,17.664800643921,825,311,768,0.8299800157547,12,17,40.494791666667,45.052083333333,9.0543259557344,15.392354124748,8.0482897384306,1.7102615694165,38.430583501006
PRBallHandler,New Orleans Pelicans,53,667,11.42710018158,545,229,500,0.81709098815918,8,21,45.8,49.3,5.0974512743628,20.689655172414,3.8980509745127,0.7496251874063,38.530734632684
PRBallHandler,Cleveland Cavaliers,53,775,13.601300239563,670,248,555,0.86451601982117,21,8,44.684684684685,49.54954954955,11.096774193548,19.225806451613,9.8064516129032,1.9354838709677,40.903225806452
PRBallHandler,Houston Rockets,53,1094,19.019500732422,1003,335,795,0.91681897640228,26,3,42.138364779874,48.993710691824,12.157221206581,17.001828153565,9.872029250457,1.8281535648995,40.767824497258
PRBallHandler,Boston Celtics,55,894,15.258600234985,810,314,701,0.90604001283646,25,4,44.793152639087,49.928673323823,7.8299776286353,14.988814317673,6.9351230425056,1.2304250559284,41.498881431767
PRBallHandler,Golden State Warriors,54,597,10.087900161743,591,215,469,0.98995000123978,29,0,45.842217484009,53.091684434968,9.212730318258,14.070351758794,7.7051926298157,1.8425460636516,43.383584589615
PRRollman,Los Angeles Clippers,52,331,5.7816600799561,412,161,272,1.2447099685669,29,0,59.191176470588,64.889705882353,15.407854984894,6.0422960725076,14.501510574018,3.6253776435045,58.610271903323
PRRollman,Oklahoma City Thunder,55,448,7.311900138855,496,193,358,1.1071399450302,19,9,53.91061452514,58.100558659218,14.285714285714,8.4821428571429,13.169642857143,2.6785714285714,53.794642857143
PRRollman,Chicago Bulls,53,490,8.42214012146,516,209,428,1.0530600547791,10,19,48.831775700935,52.453271028037,9.3877551020408,4.6938775510204,9.1836734693878,1.6326530612245,50.408163265306
PRRollman,Toronto Raptors,53,445,7.660530090332,491,201,375,1.1033699512482,18,11,53.6,57.066666666667,11.460674157303,8.0898876404494,11.011235955056,4.0449438202247,52.584269662921
PRRollman,Los Angeles Lakers,53,366,6.0286598205566,393,155,302,1.0737700462341,15,14,51.324503311258,56.456953642384,11.748633879781,7.9234972677596,11.20218579235,2.4590163934426,50.819672131148
PRRollman,New York Knicks,55,520,8.6393098831177,557,231,431,1.0711499452591,14,15,53.596287703016,57.54060324826,9.0384615384615,10.576923076923,8.6538461538462,2.5,50.576923076923
PRRollman,Indiana Pacers,55,689,11.745699882507,716,296,575,1.0391900539398,7,22,51.478260869565,55.304347826087,10.014513788099,10.159651669086,9.5791001451379,3.6284470246734,48.621190130624
PRRollman,Brooklyn Nets,55,479,7.8873701095581,509,194,391,1.0626300573349,13,16,49.616368286445,52.941176470588,14.405010438413,7.098121085595,14.405010438413,3.1315240083507,51.565762004175
PRRollman,Dallas Mavericks,54,422,7.499559879303,478,196,378,1.1326999664307,25,4,51.851851851852,57.407407407407,8.0568720379147,4.0284360189573,7.345971563981,1.6587677725118,52.369668246445
PRRollman,Miami Heat,54,348,6.1386499404907,382,153,284,1.0976999998093,17,12,53.87323943662,58.450704225352,12.64367816092,9.1954022988506,12.068965517241,3.448275862069,51.724137931034
PRRollman,Detroit Pistons,52,186,3.3345301151276,194,81,163,1.0430099964142,9,20,49.693251533742,53.374233128834,10.215053763441,4.8387096774194,10.215053763441,2.6881720430108,50.0
PRRollman,Milwaukee Bucks,53,282,5.104070186615,330,133,235,1.1702100038528,27,2,56.595744680851,61.702127659574,10.992907801418,7.4468085106383,10.992907801418,1.7730496453901,54.964539007092
PRRollman,Orlando Magic,53,389,6.7069001197815,404,158,341,1.0385600328445,6,23,46.33431085044,53.519061583578,8.2262210796915,5.6555269922879,8.2262210796915,1.7994858611825,46.272493573265
PRRollman,Philadelphia 76ers,51,236,4.1309299468994,225,87,191,0.95339000225067,1,28,45.549738219895,50.261780104712,11.016949152542,9.7457627118644,8.8983050847458,1.6949152542373,44.491525423729
PRRollman,Utah Jazz,53,352,6.2947101593018,367,140,275,1.0426100492477,8,21,50.909090909091,53.272727272727,17.329545454545,9.375,16.761363636364,4.8295454545455,51.704545454545
PRRollman,Washington Wizards,54,351,5.9693899154663,327,132,287,0.93162399530411,0,29,45.993031358885,50.696864111498,9.1168091168091,11.396011396011,7.977207977208,2.2792022792023,44.159544159544
PRRollman,Memphis Grizzlies,53,465,8.3423004150391,492,194,387,1.0580600500107,12,17,50.129198966408,54.909560723514,10.10752688172,9.0322580645161,9.6774193548387,2.5806451612903,49.247311827957
PRRollman,Denver Nuggets,54,359,6.0437698364258,371,151,297,1.033429980278,4,25,50.841750841751,56.734006734007,9.1922005571031,10.306406685237,9.1922005571031,2.5069637883008,47.075208913649
PRRollman,New Orleans Pelicans,53,346,5.9277000427246,388,145,285,1.1213899850845,24,5,50.877192982456,55.438596491228,13.872832369942,6.6473988439306,12.42774566474,2.8901734104046,52.890173410405
PRRollman,San Antonio Spurs,55,436,7.5094699859619,484,204,392,1.1100900173187,21,8,52.040816326531,55.612244897959,8.4862385321101,4.5871559633028,8.256880733945,3.2110091743119,52.064220183486
PRRollman,Minnesota Timberwolves,56,442,7.2937297821045,491,184,348,1.1108599901199,22,7,52.873563218391,56.752873563218,14.932126696833,8.5972850678733,14.47963800905,2.4886877828054,53.619909502262
PRRollman,Sacramento Kings,53,387,6.8849000930786,384,166,338,0.99224799871445,2,27,49.112426035503,51.331360946746,8.2687338501292,5.6847545219638,8.0103359173127,1.2919896640827,48.320413436693
PRRollman,Portland Trail Blazers,54,434,7.4455299377441,435,175,360,1.0023000240326,3,26,48.611111111111,52.222222222222,11.520737327189,9.9078341013825,11.290322580645,4.3778801843318,47.235023041475
PRRollman,Phoenix Suns,55,280,4.5461897850037,310,110,218,1.1071399450302,19,9,50.45871559633,54.128440366972,18.928571428571,7.5,18.928571428571,4.2857142857143,53.571428571429
PRRollman,Charlotte Hornets,53,321,5.4787502288818,333,129,264,1.0373799800873,5,24,48.863636363636,53.977272727273,13.084112149533,7.4766355140187,12.772585669782,2.803738317757,48.598130841121
PRRollman,Atlanta Hawks,54,454,7.7673201560974,495,202,381,1.0903099775314,16,13,53.018372703412,56.430446194226,11.233480176211,7.9295154185022,10.352422907489,3.0837004405286,52.202643171806
PRRollman,Boston Celtics,55,385,6.571090221405,407,161,330,1.0571399927139,11,18,48.787878787879,53.636363636364,8.8311688311688,7.5324675324675,8.8311688311688,2.0779220779221,48.311688311688
PRRollman,Houston Rockets,52,480,8.4850597381592,537,222,398,1.1187499761581,23,6,55.778894472362,58.165829145729,15.625,6.6666666666667,15.416666666667,5.2083333333333,54.791666666667
PRRollman,Cleveland Cavaliers,52,281,5.0322399139404,325,127,242,1.1565799713135,26,3,52.479338842975,58.471074380165,9.6085409252669,6.0498220640569,8.8967971530249,1.779359430605,53.024911032028
PRRollman,Golden State Warriors,54,254,4.2919898033142,302,122,198,1.1889799833298,28,1,61.616161616162,65.656565656566,11.023622047244,12.992125984252,10.629921259843,1.9685039370079,56.692913385827
Postup,Atlanta Hawks,54,62,1.0607399940491,49,17,42,0.79032301902771,4,25,40.47619047619,40.47619047619,20.967741935484,17.741935483871,17.741935483871,6.4516129032258,40.322580645161
Postup,Los Angeles Lakers,53,377,6.2098498344421,333,134,287,0.88328897953033,14,15,46.689895470383,46.689895470383,13.527851458886,13.262599469496,10.875331564987,2.9177718832891,45.358090185676
Postup,Los Angeles Clippers,52,362,6.3231401443481,301,117,263,0.83149200677872,8,21,44.486692015209,44.486692015209,14.088397790055,16.022099447514,12.430939226519,3.0386740331492,42.265193370166
Postup,New York Knicks,55,635,10.549900054932,575,225,486,0.90551197528839,21,8,46.296296296296,46.296296296296,14.803149606299,13.070866141732,13.070866141732,4.4094488188976,45.354330708661
Postup,Oklahoma City Thunder,55,353,5.7613801956177,313,117,262,0.88668602705002,15,14,44.656488549618,44.656488549618,16.14730878187,11.614730878187,14.164305949008,1.9830028328612,46.175637393768
Postup,Chicago Bulls,53,368,6.3252000808716,340,146,305,0.92391300201416,24,5,47.868852459016,47.868852459016,10.326086956522,9.5108695652174,9.5108695652174,2.9891304347826,46.467391304348
Postup,Toronto Raptors,53,267,4.5963201522827,261,101,204,0.97752797603607,28,1,49.509803921569,49.509803921569,14.232209737828,12.359550561798,12.734082397004,2.9962546816479,48.689138576779
Postup,San Antonio Spurs,55,689,11.86699962616,644,251,548,0.93468797206879,25,4,45.802919708029,45.802919708029,14.513788098694,8.7082728592163,12.33671988389,2.7576197387518,47.460087082729
Postup,New Orleans Pelicans,53,471,8.0692100524902,448,162,327,0.95116800069809,26,3,49.54128440367,49.54128440367,19.957537154989,15.498938428875,16.985138004246,4.8832271762208,48.619957537155
Postup,Miami Heat,54,265,4.6745500564575,219,85,190,0.82641500234604,7,22,44.736842105263,44.736842105263,13.962264150943,16.981132075472,12.075471698113,3.0188679245283,42.264150943396
Postup,Philadelphia 76ers,51,613,10.729900360107,561,198,408,0.91517102718353,23,6,48.529411764706,48.529411764706,18.597063621533,18.10766721044,16.965742251223,3.4257748776509,46.655791190865
Postup,Sacramento Kings,53,512,9.108699798584,408,168,397,0.796875,5,24,42.317380352645,42.317380352645,11.5234375,12.6953125,9.375,1.7578125,41.015625
Postup,Washington Wizards,54,323,5.4931998252869,294,127,260,0.91021698713303,22,7,48.846153846154,48.846153846154,10.526315789474,11.455108359133,9.9071207430341,2.4767801857585,46.749226006192
Postup,Charlotte Hornets,53,573,9.7798299789429,452,179,415,0.78883099555969,3,26,43.132530120482,43.132530120482,14.485165794066,14.485165794066,12.914485165794,1.7452006980803,42.059336823735
Postup,Milwaukee Bucks,53,331,5.9909501075745,315,137,266,0.95166200399399,27,2,51.503759398496,51.503759398496,10.574018126888,11.480362537764,7.8549848942598,2.416918429003,48.33836858006
Postup,Portland Trail Blazers,54,405,6.9480199813843,316,129,305,0.78024697303772,2,27,42.295081967213,42.295081967213,10.37037037037,15.308641975309,8.8888888888889,1.2345679012346,40.246913580247
Postup,Utah Jazz,53,125,2.2353401184082,97,37,92,0.77600002288818,1,28,40.217391304348,40.217391304348,12.8,14.4,9.6,0.8,41.6
Postup,Brooklyn Nets,55,223,3.6719899177551,201,81,167,0.90134501457214,19,10,48.502994011976,48.502994011976,14.349775784753,14.798206278027,11.659192825112,4.0358744394619,44.843049327354
Postup,Denver Nuggets,54,430,7.2390599250793,382,144,313,0.88837200403214,17,12,46.006389776358,46.006389776358,17.209302325581,13.488372093023,14.883720930233,3.4883720930233,46.279069767442
Postup,Phoenix Suns,55,287,4.6598501205444,240,98,210,0.83623701334,10,19,46.666666666667,46.666666666667,12.891986062718,16.724738675958,10.104529616725,2.787456445993,42.857142857143
Postup,Indiana Pacers,55,376,6.4098200798035,330,142,302,0.87765997648239,13,16,47.019867549669,47.019867549669,9.5744680851064,11.702127659574,8.7765957446809,1.5957446808511,45.478723404255
Postup,Minnesota Timberwolves,56,539,8.8943901062012,530,218,423,0.98330199718475,29,0,51.536643026005,51.536643026005,12.987012987013,10.38961038961,12.244897959184,2.0408163265306,50.092764378479
Postup,Orlando Magic,53,283,4.879310131073,241,100,223,0.85158997774124,12,17,44.843049327354,44.843049327354,10.95406360424,12.367491166078,9.5406360424028,2.1201413427562,43.109540636042
Postup,Detroit Pistons,52,259,4.6432399749756,216,84,190,0.83397698402405,9,20,44.210526315789,44.210526315789,14.285714285714,14.671814671815,12.741312741313,2.3166023166023,43.629343629344
Postup,Dallas Mavericks,54,383,6.8064699172974,342,127,293,0.89294999837875,18,11,43.344709897611,43.344709897611,15.404699738903,10.443864229765,13.31592689295,2.3498694516971,45.691906005222
Postup,Memphis Grizzlies,53,379,6.7994298934937,287,105,272,0.75725597143173,0,29,38.602941176471,38.602941176471,13.192612137203,17.150395778364,10.554089709763,2.1108179419525,38.258575197889
Postup,Boston Celtics,55,431,7.3562002182007,365,155,334,0.84686797857285,11,18,46.407185628743,46.407185628743,12.064965197216,13.68909512761,9.7447795823666,3.2482598607889,43.38747099768
Postup,Golden State Warriors,54,364,6.1507301330566,323,130,270,0.88736301660538,16,13,48.148148148148,48.148148148148,12.087912087912,15.10989010989,10.43956043956,1.6483516483516,45.604395604396
Postup,Cleveland Cavaliers,52,449,8.0408296585083,405,158,340,0.90200400352478,20,9,46.470588235294,46.470588235294,12.917594654788,13.363028953229,10.467706013363,2.0044543429844,45.879732739421
Postup,Houston Rockets,52,108,1.9091399908066,89,34,78,0.82407397031784,6,23,43.589743589744,43.589743589744,13.888888888889,15.740740740741,12.037037037037,1.8518518518519,42.592592592593
Spotup,Toronto Raptors,53,1255,21.604400634766,1241,438,1140,0.98884499073029,9,20,38.421052631579,51.228070175439,4.0637450199203,6.1354581673307,3.6653386454183,1.1155378486056,37.609561752988
Spotup,Los Angeles Clippers,52,1103,19.266399383545,1060,370,979,0.96101498603821,3,26,37.79366700715,49.795709908069,5.4397098821396,6.7996373526745,4.6237533998187,0.99728014505893,37.80598368087
Spotup,Chicago Bulls,53,1340,23.031999588013,1307,459,1199,0.97537302970886,7,22,38.281901584654,50.583819849875,5.6716417910448,6.3432835820896,5.0746268656716,1.4925373134328,37.835820895522
Spotup,Los Angeles Lakers,53,1155,19.024900436401,1090,376,1022,0.94372302293777,1,28,36.79060665362,48.825831702544,5.6277056277056,6.6666666666667,5.1948051948052,0.86580086580087,37.142857142857
Spotup,New York Knicks,55,964,16.015899658203,965,344,862,1.001039981842,12,17,39.907192575406,52.204176334107,4.9792531120332,6.4315352697095,4.5643153526971,0.8298755186722,39.522821576763
Spotup,Oklahoma City Thunder,55,1098,17.920700073242,1058,362,989,0.96356999874115,4,25,36.602628918099,50.151668351871,4.5537340619308,6.2841530054645,4.0072859744991,0.91074681238616,36.247723132969
Spotup,Detroit Pistons,52,1094,19.612800598145,1175,410,1000,1.074040055275,28,1,41.0,55.35,4.4789762340037,5.4844606946984,4.2961608775137,1.3711151736746,40.310786106033
Spotup,Portland Trail Blazers,54,948,16.263500213623,971,348,878,1.0242600440979,20,9,39.635535307517,53.018223234624,2.4261603375527,5.379746835443,2.4261603375527,0.42194092827004,38.713080168776
Spotup,Miami Heat,54,1159,20.444499969482,1147,404,1050,0.98964601755142,10,19,38.47619047619,51.666666666667,4.2277825711821,6.2122519413287,3.7963761863676,1.0353753235548,37.704918032787
Spotup,Charlotte Hornets,53,1249,21.317600250244,1188,433,1127,0.95116102695465,2,27,38.420585625555,49.112688553682,4.5636509207366,5.8446757405925,4.4835868694956,0.80064051240993,38.190552441954
Spotup,Dallas Mavericks,54,1225,21.770000457764,1310,466,1131,1.0693900585175,27,2,41.202475685234,55.039787798408,3.3469387755102,4.8979591836735,2.6122448979592,0.57142857142857,40.65306122449
Spotup,Philadelphia 76ers,51,1200,21.004699707031,1161,401,1065,0.96749997138977,5,24,37.652582159624,50.704225352113,4.25,7.8333333333333,3.6666666666667,0.83333333333333,36.75
Spotup,Denver Nuggets,54,1240,20.875400543213,1267,441,1114,1.0217700004578,17,12,39.587073608618,53.141831238779,4.1129032258065,6.8548387096774,3.9516129032258,0.80645161290323,38.709677419355
Spotup,Memphis Grizzlies,53,1198,21.492599487305,1163,408,1055,0.97078502178192,6,23,38.672985781991,50.947867298578,4.9248747913189,7.2621035058431,4.3405676126878,0.41736227045075,38.146911519199
Spotup,San Antonio Spurs,55,1427,24.57799911499,1413,506,1260,0.99018901586533,11,18,40.15873015873,51.428571428571,5.4660126138753,7.2880168185003,5.3258584442887,1.0511562718991,39.733707077786
Spotup,Minnesota Timberwolves,56,1141,18.828399658203,1167,429,1049,1.0227899551392,19,10,40.896091515729,52.144899904671,4.9079754601227,4.2068361086766,4.4697633654689,1.1393514460999,41.104294478528
Spotup,New Orleans Pelicans,53,1352,23.162599563599,1403,499,1220,1.0377199649811,24,5,40.901639344262,53.934426229508,4.8076923076923,6.4349112426036,4.7337278106509,1.6272189349112,40.08875739645
Spotup,Utah Jazz,53,1274,22.782499313354,1308,457,1128,1.0266900062561,22,7,40.514184397163,53.235815602837,5.5729984301413,6.5934065934066,4.9450549450549,0.78492935635793,40.580847723705
Spotup,Atlanta Hawks,54,1185,20.273700714111,1201,416,1039,1.0134999752045,13,16,40.038498556304,53.946102021174,4.7257383966245,8.5232067510549,4.2194092827004,0.92827004219409,38.73417721519
Spotup,Brooklyn Nets,55,1367,22.50950050354,1438,500,1198,1.0519399642944,26,3,41.736227045075,54.841402337229,6.3643013899049,7.6079005120702,5.7790782735918,1.609363569861,40.965618141917
Spotup,Sacramento Kings,53,1058,18.822299957275,1040,371,954,0.98298698663712,8,21,38.888888888889,50.576519916143,5.1039697542533,5.5765595463138,4.5368620037807,0.85066162570888,39.224952741021
Spotup,Milwaukee Bucks,53,1175,21.267000198364,1200,433,1061,1.0212800502777,16,13,40.810556079171,52.073515551367,5.0212765957447,5.6170212765957,4.5957446808511,1.1063829787234,40.765957446809
Spotup,Indiana Pacers,55,1016,17.320199966431,1041,380,925,1.024610042572,21,8,41.081081081081,53.621621621622,3.4448818897638,6.6929133858268,3.3464566929134,1.1811023622047,39.665354330709
Spotup,Washington Wizards,54,1057,17.97620010376,1075,383,970,1.0170300006866,15,14,39.484536082474,52.010309278351,4.162724692526,5.0141911069063,3.7842951750237,0.94607379375591,39.167455061495
Spotup,Orlando Magic,53,1204,20.758600234985,1231,441,1079,1.0224299430847,18,11,40.871177015755,53.521779425394,4.485049833887,6.8936877076412,4.3189368770764,1.0797342192691,39.617940199336
Spotup,Phoenix Suns,55,992,16.10650062561,922,324,897,0.92943501472473,0,29,36.120401337793,49.219620958751,2.9233870967742,7.258064516129,2.7217741935484,0.60483870967742,34.677419354839
Spotup,Houston Rockets,52,1128,19.93989944458,1170,387,1009,1.037230014801,23,6,38.354806739346,53.567888999009,4.8758865248227,6.9148936170213,4.1666666666667,1.241134751773,37.943262411348
Spotup,Golden State Warriors,54,864,14.599499702454,878,311,791,1.0161999464035,14,15,39.317319848293,51.517067003793,4.9768518518519,4.9768518518519,4.8611111111111,1.5046296296296,39.467592592593
Spotup,Boston Celtics,55,1264,21.573600769043,1320,460,1136,1.0442999601364,25,4,40.492957746479,53.609154929577,4.9050632911392,5.7753164556962,4.5886075949367,0.55379746835443,40.585443037975
Spotup,Cleveland Cavaliers,52,1032,18.481399536133,1114,375,942,1.0794600248337,29,0,39.808917197452,54.564755838641,4.8449612403101,4.4573643410853,4.4573643410853,0.58139534883721,40.406976744186
Handoff,New York Knicks,55,167,2.7745499610901,140,57,136,0.8383229970932,6,23,41.911764705882,45.955882352941,5.9880239520958,12.574850299401,5.3892215568862,0.0,38.922155688623
Handoff,Chicago Bulls,53,332,5.7064299583435,303,105,271,0.91265100240707,15,14,38.745387453875,46.863468634686,8.433734939759,11.746987951807,8.1325301204819,1.8072289156627,37.951807228916
Handoff,Los Angeles Lakers,53,236,3.8873300552368,181,71,195,0.7669489979744,1,28,36.410256410256,40.512820512821,8.4745762711864,11.440677966102,7.6271186440678,2.5423728813559,34.322033898305
Handoff,Toronto Raptors,53,190,3.2707901000977,194,70,152,1.0210499763489,27,2,46.052631578947,55.263157894737,7.8947368421053,13.684210526316,7.8947368421053,1.5789473684211,43.157894736842
Handoff,Oklahoma City Thunder,55,132,2.1544001102448,83,32,109,0.62878799438477,0,29,29.357798165138,35.321100917431,4.5454545454545,14.393939393939,4.5454545454545,1.5151515151515,27.272727272727
Handoff,Los Angeles Clippers,52,288,5.0314497947693,244,85,226,0.84722197055817,7,22,37.610619469027,46.902654867257,7.9861111111111,14.930555555556,6.25,1.3888888888889,35.763888888889
Handoff,Detroit Pistons,53,674,11.847399711609,550,209,548,0.81602400541306,4,25,38.138686131387,42.42700729927,8.3086053412463,11.424332344214,7.4183976261128,1.186943620178,37.982195845697
Handoff,Denver Nuggets,54,396,6.6666698455811,375,137,325,0.94696998596191,19,10,42.153846153846,49.384615384615,8.0808080808081,10.606060606061,7.0707070707071,0.75757575757576,41.414141414141
Handoff,Miami Heat,55,622,10.776200294495,604,216,537,0.97106099128723,23,6,40.223463687151,50.372439478585,6.2700964630225,8.8424437299035,5.4662379421222,1.4469453376206,39.228295819936
Handoff,Minnesota Timberwolves,57,231,3.7445299625397,241,84,193,1.0432900190353,28,1,43.523316062176,50.777202072539,12.554112554113,6.0606060606061,11.688311688312,2.1645021645022,45.454545454545
Handoff,Milwaukee Bucks,53,199,3.6018099784851,182,66,164,0.9145730137825,17,12,40.243902439024,47.256097560976,7.5376884422111,11.557788944724,7.5376884422111,1.5075376884422,39.195979899497
Handoff,Orlando Magic,53,292,5.0344800949097,244,83,230,0.83561599254608,5,24,36.086956521739,41.304347826087,11.643835616438,10.27397260274,10.616438356164,0.68493150684932,39.383561643836
Handoff,Portland Trail Blazers,54,266,4.5633897781372,247,85,213,0.92857098579407,18,11,39.906103286385,47.183098591549,9.3984962406015,11.654135338346,7.8947368421053,1.1278195488722,40.225563909774
Handoff,New Orleans Pelicans,53,221,3.786190032959,216,89,185,0.97737598419189,25,4,48.108108108108,54.324324324324,4.5248868778281,12.217194570136,3.1674208144796,0.45248868778281,44.343891402715
Handoff,Phoenix Suns,56,333,5.3084697723389,269,94,275,0.80780798196793,3,26,34.181818181818,40.545454545455,7.8078078078078,10.21021021021,7.2072072072072,1.2012012012012,34.534534534535
Handoff,Atlanta Hawks,54,379,6.484169960022,359,126,298,0.94722998142242,20,9,42.281879194631,48.154362416107,11.873350923483,12.664907651715,10.554089709763,3.1662269129288,41.952506596306
Handoff,Brooklyn Nets,56,316,5.109139919281,274,94,264,0.86708897352219,8,21,35.606060606061,43.560606060606,9.1772151898734,10.443037974684,7.5949367088608,3.1645569620253,35.443037974684
Handoff,Charlotte Hornets,53,196,3.3452799320221,191,72,164,0.97448998689651,24,5,43.90243902439,48.780487804878,10.714285714286,7.6530612244898,10.714285714286,2.5510204081633,44.387755102041
Handoff,Utah Jazz,54,361,6.3400101661682,330,126,293,0.91412699222565,16,13,43.003412969283,50.170648464164,5.8171745152355,13.573407202216,4.9861495844875,0.55401662049861,40.16620498615
Handoff,Philadelphia 76ers,51,329,5.7588000297546,288,110,275,0.87537997961044,9,20,40.0,45.818181818182,6.0790273556231,11.550151975684,5.7750759878419,1.2158054711246,37.993920972644
Handoff,Indiana Pacers,55,249,4.2448000907898,266,102,199,1.0682699680328,29,0,51.256281407035,57.788944723618,9.2369477911647,12.449799196787,8.0321285140562,1.6064257028112,48.192771084337
Handoff,Dallas Mavericks,54,216,3.8386399745941,191,75,182,0.88425898551941,10,19,41.208791208791,47.527472527473,5.5555555555556,10.185185185185,5.0925925925926,0.46296296296296,39.351851851852
Handoff,San Antonio Spurs,56,211,3.5635900497437,200,77,174,0.94786697626114,21,8,44.252873563218,51.436781609195,8.0568720379147,11.848341232227,7.5829383886256,2.3696682464455,41.232227488152
Handoff,Washington Wizards,54,245,4.1666698455811,195,72,207,0.79591798782349,2,27,34.782608695652,38.405797101449,8.9795918367347,8.1632653061224,8.1632653061224,1.6326530612245,36.734693877551
Handoff,Memphis Grizzlies,54,196,3.4525299072266,196,71,163,1.0,26,3,43.558282208589,51.226993865031,9.1836734693878,8.6734693877551,8.1632653061224,1.0204081632653,43.877551020408
Handoff,Sacramento Kings,53,256,4.554349899292,229,91,221,0.89453101158142,12,17,41.176470588235,47.737556561086,5.46875,9.765625,4.296875,1.5625,39.0625
Handoff,Boston Celtics,55,320,5.4616799354553,292,107,259,0.91250002384186,14,15,41.312741312741,49.420849420849,6.5625,13.125,5.9375,0.625,39.375
Handoff,Houston Rockets,53,193,3.3553500175476,183,59,153,0.94818699359894,22,7,38.562091503268,48.366013071895,9.3264248704663,12.435233160622,8.8082901554404,1.0362694300518,38.860103626943
Handoff,Golden State Warriors,54,182,3.0753600597382,162,63,144,0.89011001586914,11,18,43.75,53.125,5.4945054945055,17.582417582418,4.9450549450549,2.1978021978022,36.813186813187
Handoff,Cleveland Cavaliers,53,162,2.8431000709534,145,52,133,0.89506202936172,13,16,39.097744360902,46.992481203008,8.641975308642,11.111111111111,7.4074074074074,1.8518518518519,38.271604938272
Cut,Toronto Raptors,53,369,6.3522100448608,467,198,301,1.2655800580978,13,16,65.78073089701,65.78073089701,13.550135501355,7.8590785907859,12.737127371274,2.9810298102981,63.414634146341
Cut,Oklahoma City Thunder,55,334,5.4512801170349,433,192,285,1.2964099645615,19,10,67.368421052632,67.368421052632,12.275449101796,5.688622754491,11.976047904192,3.5928143712575,64.97005988024
Cut,New York Knicks,55,431,7.1606597900391,563,240,367,1.3062599897385,24,5,65.395095367847,65.395095367847,14.15313225058,4.6403712296984,13.921113689095,3.9443155452436,65.429234338747
Cut,Los Angeles Lakers,53,395,6.5063400268555,499,215,327,1.2632900476456,12,17,65.749235474006,65.749235474006,15.443037974684,5.5696202531646,14.683544303797,3.7974683544304,65.063291139241
Cut,Chicago Bulls,53,342,5.8783102035522,417,171,282,1.219300031662,5,24,60.63829787234,60.63829787234,15.497076023392,5.5555555555556,15.204678362573,3.8011695906433,61.40350877193
Cut,Los Angeles Clippers,52,409,7.1453499794006,550,244,336,1.3447400331497,27,2,72.619047619048,72.619047619048,13.691931540342,7.5794621026895,12.958435207824,3.4229828850856,68.459657701711
Cut,Utah Jazz,54,449,7.8854899406433,571,241,373,1.2717100381851,16,13,64.611260053619,64.611260053619,14.476614699332,6.4587973273942,13.80846325167,4.0089086859688,63.47438752784
Cut,Dallas Mavericks,54,337,5.9889798164368,473,195,271,1.4035600423813,29,0,71.955719557196,71.955719557196,18.39762611276,5.3412462908012,18.100890207715,4.1543026706231,71.216617210682
Cut,San Antonio Spurs,56,361,6.0969400405884,441,181,295,1.2216099500656,7,22,61.35593220339,61.35593220339,16.620498614958,5.2631578947368,15.512465373961,3.601108033241,62.326869806094
Cut,Minnesota Timberwolves,57,440,7.1324400901794,582,247,368,1.3227299451828,25,4,67.119565217391,67.119565217391,14.318181818182,6.1363636363636,14.090909090909,4.0909090909091,66.136363636364
Cut,Portland Trail Blazers,54,451,7.7371802330017,524,219,365,1.1618599891663,2,27,60.0,60.0,15.077605321508,7.3170731707317,15.521064301552,3.7694013303769,58.758314855876
Cut,Philadelphia 76ers,51,510,8.9270095825195,676,292,429,1.3254899978638,26,3,68.065268065268,68.065268065268,13.137254901961,6.6666666666667,12.549019607843,4.1176470588235,66.078431372549
Cut,Milwaukee Bucks,53,463,8.3800897598267,554,226,367,1.1965399980545,4,25,61.58038147139,61.58038147139,16.630669546436,6.9114470842333,15.334773218143,2.8077753779698,61.555075593952
Cut,Atlanta Hawks,54,396,6.7750201225281,503,220,324,1.2702000141144,15,14,67.901234567901,67.901234567901,13.383838383838,8.5858585858586,12.373737373737,3.7878787878788,64.393939393939
Cut,Memphis Grizzlies,54,364,6.4118399620056,422,178,305,1.1593400239944,1,28,58.360655737705,58.360655737705,14.56043956044,7.1428571428571,14.56043956044,5.4945054945055,57.417582417582
Cut,Sacramento Kings,53,408,7.2584900856018,482,217,356,1.1813700199127,3,26,60.955056179775,60.955056179775,10.539215686275,5.8823529411765,10.539215686275,3.6764705882353,59.313725490196
Cut,Washington Wizards,54,520,8.8435401916504,638,270,427,1.2269200086594,8,21,63.231850117096,63.231850117096,14.230769230769,7.5,13.461538461538,4.0384615384615,61.538461538462
Cut,Orlando Magic,53,393,6.7758598327637,501,213,331,1.2748099565506,17,12,64.350453172205,64.350453172205,13.740458015267,5.5979643765903,13.486005089059,3.5623409669211,63.867684478372
Cut,Brooklyn Nets,56,398,6.434919834137,456,196,328,1.1457300186157,0,29,59.756097560976,59.756097560976,14.070351758794,7.7889447236181,13.065326633166,4.2713567839196,58.542713567839
Cut,Denver Nuggets,54,491,8.2659902572632,616,263,399,1.2545800209045,11,18,65.914786967419,65.914786967419,14.663951120163,8.5539714867617,14.867617107943,4.6843177189409,62.932790224033
Cut,Miami Heat,55,373,6.4622302055359,481,205,306,1.2895400524139,18,11,66.993464052288,66.993464052288,14.477211796247,7.7747989276139,13.672922252011,4.2895442359249,64.343163538874
Cut,Indiana Pacers,55,334,5.6938300132751,408,165,267,1.2215600013733,6,23,61.797752808989,61.797752808989,17.365269461078,5.3892215568862,16.766467065868,2.6946107784431,62.275449101796
Cut,Charlotte Hornets,53,361,6.1614599227905,469,189,286,1.2991700172424,20,9,66.083916083916,66.083916083916,20.775623268698,5.5401662049861,20.221606648199,5.5401662049861,65.927977839335
Cut,New Orleans Pelicans,53,426,7.2982702255249,554,237,359,1.300469994545,21,8,66.016713091922,66.016713091922,13.145539906103,4.6948356807512,13.380281690141,2.3474178403756,65.492957746479
Cut,Detroit Pistons,53,360,6.3280000686646,447,191,298,1.2416700124741,10,19,64.093959731544,64.093959731544,13.611111111111,5.5555555555556,13.333333333333,2.2222222222222,63.611111111111
Cut,Phoenix Suns,56,430,6.8547701835632,560,230,351,1.3023300170898,23,6,65.527065527066,65.527065527066,19.53488372093,3.953488372093,19.767441860465,5.3488372093023,66.046511627907
Cut,Cleveland Cavaliers,53,428,7.5114102363586,597,244,346,1.3948600292206,28,1,70.520231213873,70.520231213873,18.457943925234,4.4392523364486,16.822429906542,3.7383177570093,70.794392523364
Cut,Golden State Warriors,54,765,12.926699638367,995,437,641,1.3006500005722,22,7,68.17472698908,68.17472698908,11.503267973856,7.0588235294118,10.588235294118,2.483660130719,65.882352941176
Cut,Boston Celtics,55,342,5.837170124054,420,172,288,1.2280700206757,9,20,59.722222222222,59.722222222222,16.666666666667,3.8011695906433,16.959064327485,4.9707602339181,61.695906432749
Cut,Houston Rockets,53,303,5.2677302360535,384,167,242,1.2673300504684,14,15,69.00826446281,69.00826446281,15.181518151815,9.5709570957096,14.521452145215,4.6204620462046,64.686468646865
OffScreen,New York Knicks,55,408,6.7785301208496,392,147,354,0.9607840180397,11,18,41.525423728814,47.598870056497,9.0686274509804,5.3921568627451,8.8235294117647,1.2254901960784,43.627450980392
OffScreen,Chicago Bulls,53,261,4.4860801696777,239,86,245,0.91570901870728,7,22,35.102040816327,44.489795918367,4.9808429118774,2.2988505747126,5.3639846743295,1.5325670498084,36.39846743295
OffScreen,Toronto Raptors,53,274,4.7168197631836,296,106,243,1.0802899599075,25,4,43.621399176955,54.938271604938,6.2043795620438,6.2043795620438,5.4744525547445,1.0948905109489,43.795620437956
OffScreen,Oklahoma City Thunder,55,276,4.5046501159668,310,106,239,1.1231900453568,28,1,44.351464435146,55.857740585774,8.3333333333333,5.4347826086957,7.9710144927536,0.36231884057971,46.376811594203
OffScreen,Los Angeles Clippers,52,137,2.3934299945831,141,51,119,1.0291999578476,20,9,42.857142857143,52.521008403361,6.5693430656934,6.5693430656934,5.1094890510949,0.0,43.795620437956
OffScreen,Los Angeles Lakers,53,305,5.0238800048828,264,98,274,0.86557400226593,1,28,35.766423357664,44.70802919708,3.9344262295082,6.5573770491803,3.6065573770492,0.32786885245902,35.409836065574
OffScreen,Orlando Magic,53,381,6.5689702033997,359,132,332,0.94225698709488,9,20,39.759036144578,47.590361445783,7.0866141732283,6.5616797900262,5.511811023622,0.78740157480315,40.944881889764
OffScreen,Washington Wizards,54,492,8.3673496246338,514,186,433,1.0447200536728,22,7,42.956120092379,51.270207852194,8.5365853658537,5.4878048780488,7.9268292682927,2.0325203252033,44.308943089431
OffScreen,Phoenix Suns,56,481,7.6677799224854,482,179,434,1.0020799636841,17,12,41.244239631336,50.115207373272,5.6133056133056,4.989604989605,4.7817047817048,0.83160083160083,41.995841995842
OffScreen,Atlanta Hawks,54,504,8.6227502822876,501,168,423,0.99404799938202,16,13,39.716312056738,49.054373522459,9.7222222222222,7.9365079365079,8.7301587301587,1.7857142857143,41.269841269841
OffScreen,Indiana Pacers,55,246,4.1936597824097,238,86,213,0.96748000383377,12,17,40.37558685446,47.652582159624,8.5365853658537,6.0975609756098,8.5365853658537,1.219512195122,42.276422764228
OffScreen,Utah Jazz,54,282,4.9525799751282,285,99,249,1.0106400251389,18,11,39.759036144578,52.81124497992,5.3191489361702,7.8014184397163,4.2553191489362,1.4184397163121,39.007092198582
OffScreen,Dallas Mavericks,54,403,7.1619000434875,400,140,353,0.992555975914,15,14,39.660056657224,50.28328611898,6.6997518610422,6.9478908188586,6.2034739454094,1.2406947890819,39.950372208437
OffScreen,Charlotte Hornets,53,328,5.5982298851013,309,108,288,0.94207298755646,8,21,37.5,45.486111111111,8.5365853658537,6.0975609756098,8.2317073170732,2.7439024390244,38.719512195122
OffScreen,Milwaukee Bucks,53,209,3.7828099727631,181,70,183,0.86602902412415,2,27,38.251366120219,43.169398907104,7.177033492823,7.177033492823,5.7416267942584,1.9138755980861,38.755980861244
OffScreen,Sacramento Kings,53,282,5.016900062561,245,96,260,0.86879402399063,3,26,36.923076923077,45.576923076923,1.7730496453901,6.3829787234043,1.4184397163121,0.35460992907801,35.106382978723
OffScreen,Brooklyn Nets,56,340,5.4971699714661,322,107,295,0.94705897569656,10,19,36.271186440678,46.779661016949,8.2352941176471,7.6470588235294,7.9411764705882,2.6470588235294,37.058823529412
OffScreen,Philadelphia 76ers,51,299,5.2336797714233,295,103,247,0.98662197589874,14,15,41.7004048583,51.821862348178,8.0267558528428,12.040133779264,7.3578595317726,2.6755852842809,39.464882943144
OffScreen,San Antonio Spurs,56,203,3.4284698963165,178,64,180,0.8768470287323,4,25,35.555555555556,43.611111111111,5.9113300492611,6.4039408866995,5.9113300492611,0.98522167487685,36.453201970443
OffScreen,New Orleans Pelicans,53,356,6.0990200042725,318,117,297,0.89325797557831,5,24,39.393939393939,45.959595959596,8.4269662921348,9.5505617977528,7.0224719101124,1.4044943820225,39.325842696629
OffScreen,Miami Heat,55,365,6.3236298561096,355,132,319,0.97260302305222,13,16,41.379310344828,52.664576802508,4.6575342465753,9.041095890411,3.8356164383562,1.0958904109589,39.178082191781
OffScreen,Minnesota Timberwolves,57,120,1.945209980011,122,43,101,1.0166699886322,19,10,42.574257425743,50.49504950495,10.833333333333,5.8333333333333,10.0,0.83333333333333,44.166666666667
OffScreen,Memphis Grizzlies,54,176,3.1002299785614,149,55,149,0.84659099578857,0,29,36.912751677852,44.295302013423,6.25,9.6590909090909,5.1136363636364,0.56818181818182,36.931818181818
OffScreen,Denver Nuggets,54,230,3.8720500469208,259,98,201,1.1260900497437,29,0,48.756218905473,58.208955223881,6.9565217391304,7.3913043478261,6.5217391304348,2.1739130434783,47.391304347826
OffScreen,Detroit Pistons,53,299,5.2557601928711,273,99,268,0.91304302215576,6,23,36.940298507463,46.268656716418,5.0167224080268,5.685618729097,3.6789297658863,0.33444816053512,37.792642140468
OffScreen,Portland Trail Blazers,54,341,5.8500599861145,368,138,314,1.0791800022125,24,5,43.949044585987,54.140127388535,4.692082111437,3.5190615835777,4.692082111437,0.29325513196481,44.868035190616
OffScreen,Houston Rockets,53,269,4.6766300201416,279,90,226,1.0371700525284,21,8,39.823008849558,52.654867256637,8.9219330855019,7.8066914498141,8.17843866171,0.74349442379182,41.635687732342
OffScreen,Golden State Warriors,54,706,11.929699897766,789,295,636,1.1175600290298,27,2,46.383647798742,56.918238993711,5.8073654390935,5.6657223796034,5.0991501416431,1.5580736543909,45.750708215297
OffScreen,Boston Celtics,55,309,5.2739400863647,344,124,278,1.1132700443268,26,3,44.604316546763,57.014388489209,5.5016181229773,6.1488673139159,4.8543689320388,1.6181229773463,43.68932038835
OffScreen,Cleveland Cavaliers,53,365,6.4057598114014,391,139,331,1.0712300539017,23,6,41.993957703927,55.287009063444,4.3835616438356,6.3013698630137,3.8356164383562,1.3698630136986,40.821917808219
OffRebound,Los Angeles Clippers,52,310,5.4148502349854,350,153,266,1.1290299892426,18,11,57.518796992481,57.706766917293,11.290322580645,4.1935483870968,10.967741935484,1.2903225806452,57.741935483871
OffRebound,Los Angeles Lakers,53,367,6.045129776001,435,191,320,1.185289978981,25,4,59.6875,59.84375,10.626702997275,4.6321525885559,10.08174386921,2.9972752043597,59.400544959128
OffRebound,New York Knicks,55,373,6.1970400810242,424,182,316,1.1367299556732,19,10,57.594936708861,57.753164556962,11.260053619303,6.1662198391421,10.455764075067,2.1447721179625,57.372654155496
OffRebound,Oklahoma City Thunder,55,372,6.0714898109436,379,169,319,1.0188200473785,1,28,52.978056426332,53.134796238245,9.4086021505376,6.4516129032258,7.7956989247312,1.6129032258065,51.612903225806
OffRebound,Toronto Raptors,53,303,5.2160401344299,345,154,259,1.1386100053787,20,9,59.459459459459,60.03861003861,9.5709570957096,7.5907590759076,9.2409240924092,2.6402640264026,56.765676567657
OffRebound,Chicago Bulls,53,294,5.053279876709,301,129,253,1.0238100290298,2,27,50.98814229249,50.98814229249,10.544217687075,7.1428571428571,10.204081632653,3.7414965986395,50.680272108844
OffRebound,Atlanta Hawks,54,292,4.995719909668,314,134,250,1.0753400325775,8,21,53.6,54.0,10.27397260274,6.1643835616438,8.5616438356164,2.0547945205479,53.767123287671
OffRebound,Brooklyn Nets,55,301,4.9563598632812,326,136,247,1.0830600261688,10,19,55.060728744939,55.87044534413,12.624584717608,7.9734219269103,11.960132890365,2.6578073089701,54.152823920266
OffRebound,New Orleans Pelicans,53,259,4.4372100830078,337,142,215,1.3011599779129,29,0,66.046511627907,66.279069767442,16.988416988417,5.019305019305,17.374517374517,5.4054054054054,64.864864864865
OffRebound,Indiana Pacers,55,267,4.5516500473022,299,131,230,1.1198500394821,16,13,56.95652173913,57.173913043478,9.3632958801498,5.9925093632959,8.9887640449438,1.498127340824,56.928838951311
OffRebound,Portland Trail Blazers,54,323,5.541259765625,349,153,274,1.0805000066757,9,20,55.839416058394,55.839416058394,12.074303405573,5.5727554179567,11.764705882353,2.4767801857585,56.037151702786
OffRebound,Orlando Magic,53,276,4.7586197853088,291,121,221,1.0543500185013,6,23,54.751131221719,54.977375565611,13.768115942029,8.3333333333333,13.405797101449,2.536231884058,54.347826086957
OffRebound,Philadelphia 76ers,51,290,5.0761399269104,327,135,240,1.1275899410248,17,12,56.25,56.875,13.448275862069,5.8620689655172,13.103448275862,2.4137931034483,56.551724137931
OffRebound,Memphis Grizzlies,53,277,4.9695000648499,304,123,225,1.0974700450897,12,17,54.666666666667,55.111111111111,13.357400722022,6.4981949458484,11.913357400722,1.0830324909747,56.317689530686
OffRebound,Dallas Mavericks,54,184,3.2699499130249,205,88,159,1.1141300201416,14,15,55.345911949686,55.345911949686,13.04347826087,4.8913043478261,11.413043478261,4.3478260869565,54.891304347826
OffRebound,Washington Wizards,54,263,4.4727897644043,310,134,227,1.1787099838257,24,5,59.030837004405,59.471365638767,10.266159695817,4.9429657794677,9.5057034220532,1.9011406844106,59.315589353612
OffRebound,Milwaukee Bucks,53,223,4.0362000465393,258,111,182,1.1569499969482,22,7,60.989010989011,60.989010989011,14.349775784753,6.2780269058296,13.90134529148,2.2421524663677,60.089686098655
OffRebound,Sacramento Kings,53,299,5.3193402290344,330,151,259,1.1036800146103,13,16,58.301158301158,58.687258687259,8.695652173913,8.0267558528428,8.0267558528428,3.3444816053512,54.849498327759
OffRebound,San Antonio Spurs,55,329,5.6665501594543,397,167,280,1.206689953804,27,2,59.642857142857,59.821428571429,12.462006079027,4.8632218844985,10.942249240122,2.4316109422492,60.790273556231
OffRebound,Phoenix Suns,55,379,6.1536002159119,413,180,325,1.0897099971771,11,18,55.384615384615,55.384615384615,10.817941952507,5.5408970976253,10.026385224274,2.1108179419525,55.145118733509
OffRebound,Detroit Pistons,52,336,6.0236601829529,376,157,276,1.1190500259399,15,14,56.884057971014,57.065217391304,14.880952380952,5.952380952381,13.988095238095,2.9761904761905,57.142857142857
OffRebound,Miami Heat,54,261,4.6039900779724,280,118,219,1.0728000402451,7,22,53.881278538813,53.881278538813,13.409961685824,6.1302681992337,13.026819923372,3.448275862069,54.406130268199
OffRebound,Minnesota Timberwolves,56,360,5.9405899047852,453,190,303,1.2583299875259,28,1,62.706270627063,62.871287128713,14.722222222222,3.6111111111111,12.777777777778,2.5,63.888888888889
OffRebound,Charlotte Hornets,53,316,5.3934102058411,362,146,248,1.1455700397491,21,8,58.870967741935,58.870967741935,19.303797468354,4.1139240506329,17.088607594937,1.8987341772152,61.075949367089
OffRebound,Utah Jazz,53,228,4.0772500038147,273,116,187,1.1973700523376,26,3,62.032085561497,62.299465240642,14.035087719298,6.140350877193,12.719298245614,2.1929824561404,62.719298245614
OffRebound,Denver Nuggets,54,352,5.9259300231934,370,145,271,1.0511399507523,4,25,53.505535055351,54.428044280443,16.193181818182,8.8068181818182,15.056818181818,1.9886363636364,53.693181818182
OffRebound,Cleveland Cavaliers,52,248,4.4412598609924,289,121,213,1.1653200387955,23,6,56.807511737089,57.981220657277,10.887096774194,5.241935483871,10.08064516129,2.0161290322581,56.854838709677
OffRebound,Houston Rockets,52,228,4.0304098129272,240,101,177,1.0526299476624,5,24,57.062146892655,57.344632768362,15.350877192982,10.087719298246,13.157894736842,3.0701754385965,53.947368421053
OffRebound,Golden State Warriors,54,228,3.8526499271393,239,107,203,1.0482499599457,3,26,52.709359605911,52.955665024631,8.3333333333333,4.3859649122807,7.8947368421053,1.7543859649123,52.631578947368
OffRebound,Boston Celtics,55,241,4.1133298873901,229,92,193,0.95020699501038,0,29,47.668393782383,48.445595854922,14.522821576763,7.4688796680498,12.863070539419,2.0746887966805,48.132780082988
Misc,Chicago Bulls,53,344,5.9126801490784,178,36,92,0.51744198799133,21,8,39.130434782609,47.282608695652,17.151162790698,56.104651162791,1.7441860465116,0.0,26.453488372093
Misc,Oklahoma City Thunder,55,317,5.1738200187683,142,23,78,0.44795000553131,8,21,29.487179487179,31.410256410256,22.082018927445,53.312302839117,2.5236593059937,0.0,26.498422712934
Misc,New York Knicks,55,423,7.0277500152588,191,29,89,0.45153701305389,9,20,32.584269662921,35.393258426966,19.148936170213,60.283687943262,1.8912529550827,0.47281323877069,24.34988179669
Misc,Los Angeles Lakers,53,348,5.7321701049805,154,34,91,0.44252899289131,7,22,37.362637362637,39.56043956044,18.103448275862,56.896551724138,2.2988505747126,1.1494252873563,24.712643678161
Misc,Toronto Raptors,53,276,4.7512497901917,135,25,84,0.48912999033928,14,15,29.761904761905,32.142857142857,21.014492753623,49.63768115942,3.2608695652174,1.0869565217391,26.811594202899
Misc,Los Angeles Clippers,52,328,5.7302598953247,194,30,84,0.59146302938461,27,2,35.714285714286,39.880952380952,25.609756097561,49.085365853659,3.0487804878049,0.30487804878049,32.926829268293
Misc,Washington Wizards,54,406,6.9047598838806,202,32,89,0.49753698706627,16,13,35.955056179775,38.76404494382,21.182266009852,56.896551724138,2.7093596059113,0.0,27.586206896552
Misc,Milwaukee Bucks,53,333,6.0271501541138,195,30,79,0.58558601140976,26,3,37.974683544304,44.303797468354,24.324324324324,52.252252252252,4.8048048048048,0.3003003003003,30.930930930931
Misc,Indiana Pacers,55,287,4.8926000595093,160,29,84,0.55749100446701,24,5,34.52380952381,37.5,20.209059233449,51.219512195122,2.787456445993,0.69686411149826,29.268292682927
Misc,Portland Trail Blazers,54,332,5.6956601142883,160,29,80,0.48192799091339,11,18,36.25,38.125,20.180722891566,55.722891566265,3.0120481927711,0.30120481927711,27.409638554217
Misc,Dallas Mavericks,54,301,5.3492097854614,130,26,91,0.43189400434494,4,25,28.571428571429,31.868131868132,17.607973421927,52.491694352159,1.9933554817276,0.33222591362126,25.581395348837
Misc,San Antonio Spurs,56,328,5.5395998954773,144,26,79,0.43902400135994,5,24,32.911392405063,36.075949367089,18.292682926829,57.621951219512,0.60975609756098,0.0,24.69512195122
Misc,Atlanta Hawks,54,337,5.7656102180481,183,32,94,0.54302698373795,23,6,34.042553191489,37.234042553191,20.771513353116,51.632047477745,2.6706231454006,0.29673590504451,28.486646884273
Misc,New Orleans Pelicans,53,365,6.253210067749,205,38,89,0.56164401769638,25,4,42.696629213483,47.191011235955,21.917808219178,54.246575342466,2.4657534246575,0.54794520547945,30.684931506849
Misc,Orlando Magic,53,309,5.3275899887085,151,29,81,0.48867300152779,13,16,35.802469135802,39.506172839506,17.47572815534,57.281553398058,1.9417475728155,0.97087378640777,25.88996763754
Misc,Detroit Pistons,53,344,6.0467600822449,152,27,76,0.44185999035835,6,23,35.526315789474,38.815789473684,17.151162790698,61.046511627907,2.6162790697674,0.2906976744186,24.127906976744
Misc,Brooklyn Nets,56,299,4.8342800140381,145,26,78,0.48495000600815,12,17,33.333333333333,37.179487179487,19.063545150502,54.515050167224,2.3411371237458,0.0,27.090301003344
Misc,Minnesota Timberwolves,57,362,5.8680500984192,234,48,112,0.64640897512436,29,0,42.857142857143,45.982142857143,21.82320441989,48.066298342541,3.3149171270718,0.82872928176796,33.701657458564
Misc,Charlotte Hornets,53,359,6.127329826355,180,23,80,0.50139302015305,18,11,28.75,29.375,25.905292479109,52.089136490251,3.0640668523677,0.27855153203343,28.969359331476
Misc,Sacramento Kings,53,349,6.2088599205017,148,28,95,0.42406898736954,1,28,29.473684210526,33.684210526316,15.186246418338,58.166189111748,2.5787965616046,0.5730659025788,22.636103151862
Misc,Denver Nuggets,54,356,5.9932699203491,177,37,103,0.49719101190567,15,14,35.922330097087,39.805825242718,18.539325842697,53.089887640449,1.685393258427,0.56179775280899,26.685393258427
Misc,Phoenix Suns,56,391,6.2330598831177,167,21,75,0.42710998654366,2,27,28.0,30.0,21.227621483376,60.102301790281,2.0460358056266,0.51150895140665,25.063938618926
Misc,Miami Heat,55,364,6.3063101768494,192,35,95,0.52747297286987,22,7,36.842105263158,40.0,20.604395604396,53.846153846154,2.4725274725275,0.54945054945055,29.120879120879
Misc,Memphis Grizzlies,54,345,6.0771498680115,140,17,70,0.40579700469971,0,29,24.285714285714,25.714285714286,19.420289855072,60.579710144928,2.3188405797101,0.28985507246377,22.898550724638
Misc,Utah Jazz,54,275,4.8296499252319,174,30,79,0.63272702693939,28,1,37.974683544304,41.772151898734,25.454545454545,46.181818181818,2.1818181818182,0.36363636363636,33.454545454545
Misc,Philadelphia 76ers,51,430,7.5266900062561,216,33,92,0.50232601165771,19,10,35.869565217391,39.673913043478,23.953488372093,54.883720930233,2.3255813953488,0.23255813953488,28.837209302326
Misc,Boston Celtics,55,351,5.990779876709,150,29,82,0.42735001444817,3,26,35.365853658537,35.975609756098,17.948717948718,59.54415954416,1.7094017094017,0.85470085470085,23.931623931624
Misc,Golden State Warriors,54,444,7.5025300979614,204,36,108,0.45945900678635,10,19,33.333333333333,38.425925925926,17.342342342342,59.234234234234,3.1531531531532,0.9009009009009,23.198198198198
Misc,Cleveland Cavaliers,53,369,6.475959777832,185,28,74,0.50135499238968,17,12,37.837837837838,41.216216216216,22.764227642276,58.536585365854,3.5230352303523,1.3550135501355,27.10027100271
Misc,Houston Rockets,53,302,5.2503499984741,156,23,81,0.51655602455139,20,9,28.395061728395,35.185185185185,20.198675496689,53.311258278146,1.9867549668874,0.33112582781457,26.490066225166
